flag_id,trip_id,driver_id,timestamp,elapsed_seconds,flag_type,severity,motion_score,audio_score,combined_score,explanation,context
FLAG001,TRIP002,DRV188,2024-02-06 07:22:00,420,loud_environment,medium,0.037037037037037,0.6563087890221954,0.282600219972298,Sustained elevated cabin audio (0.66).,Motion:loud_environment | Audio:0.66
FLAG002,TRIP002,DRV188,2024-02-06 07:22:30,450,loud_environment,high,0.3555555555555555,0.9416666666666664,0.5850911601350922,Sustained elevated cabin audio (0.94).,Motion:loud_environment | Audio:0.94
FLAG003,TRIP002,DRV188,2024-02-06 07:23:00,480,loud_environment,high,0.1555555555555555,0.9,0.449769654847889,Sustained elevated cabin audio (0.90).,Motion:loud_environment | Audio:0.9
FLAG004,TRIP002,DRV188,2024-02-06 07:23:30,510,loud_environment,high,0.2888888888888888,0.99,0.5692115328694322,Sustained elevated cabin audio (0.99).,Motion:loud_environment | Audio:0.99
FLAG005,TRIP002,DRV188,2024-02-06 07:24:00,540,loud_environment,medium,0.3111111111111111,0.92,0.5521633340916616,Sustained elevated cabin audio (0.92).,Motion:loud_environment | Audio:0.92
FLAG006,TRIP003,DRV003,2024-02-06 06:22:52,-5348,loud_environment,high,0.0094991364421416,0.6036612039483064,0.2462148341498925,Sustained elevated cabin audio (0.60).,Motion:loud_environment | Audio:0.6
FLAG007,TRIP008,DRV050,2024-02-06 06:18:13,-40307,loud_environment,high,0.1744966442953019,0.664375,0.3567461730924574,Sustained elevated cabin audio (0.66).,Motion:loud_environment | Audio:0.66
FLAG008,TRIP010,DRV145,2024-02-06 19:22:00,1020,loud_environment,medium,0.0317460317460317,0.692912747563654,0.3155022516003311,Sustained elevated cabin audio (0.69).,Motion:loud_environment | Audio:0.69
FLAG009,TRIP010,DRV145,2024-02-06 19:22:30,1050,loud_environment,high,0.4444444444444444,0.9516666666666664,0.6314387006228057,Sustained elevated cabin audio (0.95).,Motion:loud_environment | Audio:0.95
FLAG010,TRIP010,DRV145,2024-02-06 19:23:00,1080,loud_environment,high,0.3111111111111111,0.875,0.529451622080187,Sustained elevated cabin audio (0.88).,Motion:loud_environment | Audio:0.88
FLAG011,TRIP010,DRV145,2024-02-06 19:23:30,1110,loud_environment,high,0.1555555555555555,0.995,0.491295799946664,Sustained elevated cabin audio (0.99).,Motion:loud_environment | Audio:1.0
FLAG012,TRIP010,DRV145,2024-02-06 19:24:00,1140,loud_environment,high,0.2888888888888888,0.945,0.5493122980056918,Sustained elevated cabin audio (0.94).,Motion:loud_environment | Audio:0.94
FLAG013,TRIP010,DRV145,2024-02-06 19:24:00,1140,stop_go_traffic,low,0.2888888888888888,0.945,0.5493122980056918,Event detected motion_score=0.29 audio_score=0.94,Motion:stop_go_traffic | Audio:0.94
FLAG014,TRIP011,DRV112,2024-02-06 06:29:24,-5436,loud_environment,high,0.5333333333333333,0.506488395136315,0.4704636790776933,Sustained elevated cabin audio (0.51).,Motion:loud_environment | Audio:0.51
FLAG015,TRIP012,DRV042,2024-02-06 06:17:27,-9153,loud_environment,high,0.0988319856244384,0.6491666666666666,0.3134961668024561,Sustained elevated cabin audio (0.65).,Motion:loud_environment | Audio:0.65
FLAG016,TRIP022,DRV048,2024-02-06 06:21:20,-36760,loud_environment,high,0.4912280701754385,0.795,0.5965941546700869,Sustained elevated cabin audio (0.80).,Motion:loud_environment | Audio:0.8
FLAG017,TRIP022,DRV048,2024-02-06 06:25:46,-36494,loud_environment,medium,0.3809523809523809,0.3936469363969364,0.339810799302252,Sustained elevated cabin audio (0.39).,Motion:loud_environment | Audio:0.39
FLAG018,TRIP029,DRV106,2024-02-06 06:13:36,-18564,loud_environment,high,0.3333333333333333,0.4952380952380952,0.3637094911136272,Sustained elevated cabin audio (0.50).,Motion:loud_environment | Audio:0.5
FLAG019,TRIP031,DRV130,2024-02-06 13:48:30,690,sudden_brake,high,1.0,0.8110097402597403,0.8895285948383577,Sudden deceleration detected (1.00 spike). Traffic stop.,Motion:sudden_brake | Audio:0.81
FLAG020,TRIP031,DRV130,2024-02-06 13:48:30,690,sustained_stress,high,1.0,0.8110097402597403,0.8895285948383577,Continued elevated audio with moderate motion disturbance.,Motion:sustained_stress | Audio:0.81
FLAG021,TRIP032,DRV043,2024-02-06 15:02:00,1080,sudden_brake,medium,0.6572446599162397,0.6387697491865897,0.6018501528722536,Sudden deceleration detected (0.66 spike). Traffic stop.,Motion:sudden_brake | Audio:0.64
FLAG022,TRIP032,DRV043,2024-02-06 15:11:00,1620,hard_acceleration,medium,1.0,0.3865667944109516,0.6335396388330198,Rapid acceleration detected.,Motion:hard_acceleration | Audio:0.39
FLAG023,TRIP033,DRV038,2024-02-06 15:51:00,0,sudden_brake,high,1.0,0.2974726572885392,0.5789042955051555,Sudden deceleration detected (1.00 spike). Traffic stop.,Motion:sudden_brake | Audio:0.3
FLAG024,TRIP033,DRV038,2024-02-06 16:00:00,540,loud_environment,medium,1.0,0.9790187816773328,0.9872198640311608,Sustained elevated cabin audio (0.98).,Motion:loud_environment | Audio:0.98
FLAG025,TRIP033,DRV038,2024-02-06 16:00:00,540,passenger_conflict,high,1.0,0.9790187816773328,0.9872198640311608,Combined signal: harsh braking + high cabin audio. Potential argument.,Motion:passenger_conflict | Audio:0.98
FLAG026,TRIP033,DRV038,2024-02-06 16:00:00,540,sudden_brake,high,1.0,0.9790187816773328,0.9872198640311608,Sudden deceleration detected (1.00 spike). Traffic stop.,Motion:sudden_brake | Audio:0.98
FLAG027,TRIP033,DRV038,2024-02-06 16:00:00,540,sustained_stress,high,1.0,0.9790187816773328,0.9872198640311608,Continued elevated audio with moderate motion disturbance.,Motion:sustained_stress | Audio:0.98
FLAG028,TRIP033,DRV038,2024-02-06 16:18:00,1620,loud_environment,medium,0.4422127076458257,0.9982446588648636,0.6713854876767793,Sustained elevated cabin audio (1.00).,Motion:loud_environment | Audio:1.0
FLAG029,TRIP033,DRV038,2024-02-06 16:18:00,1620,sustained_stress,medium,0.4422127076458257,0.9982446588648636,0.6713854876767793,Continued elevated audio with moderate motion disturbance.,Motion:sustained_stress | Audio:1.0
FLAG030,TRIP034,DRV053,2024-02-06 16:58:00,0,loud_environment,medium,0.6479159852127053,0.9987410038995552,0.7895295545975899,Sustained elevated cabin audio (1.00).,Motion:loud_environment | Audio:1.0
FLAG031,TRIP034,DRV053,2024-02-06 16:58:00,0,sustained_stress,medium,0.6479159852127053,0.9987410038995552,0.7895295545975899,Continued elevated audio with moderate motion disturbance.,Motion:sustained_stress | Audio:1.0
FLAG032,TRIP034,DRV053,2024-02-06 17:16:00,1080,loud_environment,high,0.0391003239569134,0.986625213100788,0.417786928468362,Sustained elevated cabin audio (0.99).,Motion:loud_environment | Audio:0.99
FLAG033,TRIP034,DRV053,2024-02-06 17:25:00,1620,sudden_brake,medium,0.685133022100587,0.3652074768848625,0.4656954069606211,Sudden deceleration detected (0.69 spike). Traffic stop.,Motion:sudden_brake | Audio:0.37
FLAG034,TRIP035,DRV185,2024-02-06 17:05:00,0,hard_acceleration,medium,0.9466845649571162,0.4016908066735839,0.612436184579116,Rapid acceleration detected.,Motion:hard_acceleration | Audio:0.4
FLAG035,TRIP035,DRV185,2024-02-06 17:19:00,840,loud_environment,medium,0.0094626996069884,0.9987410038995552,0.4054824064159006,Sustained elevated cabin audio (1.00).,Motion:loud_environment | Audio:1.0
FLAG036,TRIP035,DRV185,2024-02-06 17:26:00,1260,hard_acceleration,medium,0.7495157672916452,0.9298332599558936,0.8107553260743265,Rapid acceleration detected.,Motion:hard_acceleration | Audio:0.93
FLAG037,TRIP035,DRV185,2024-02-06 17:26:00,1260,loud_environment,medium,0.7495157672916452,0.9298332599558936,0.8107553260743265,Sustained elevated cabin audio (0.93).,Motion:loud_environment | Audio:0.93
FLAG038,TRIP035,DRV185,2024-02-06 17:26:00,1260,sustained_stress,medium,0.7495157672916452,0.9298332599558936,0.8107553260743265,Continued elevated audio with moderate motion disturbance.,Motion:sustained_stress | Audio:0.93
FLAG039,TRIP036,DRV020,2024-02-06 06:12:00,0,hard_acceleration,medium,0.7841463558316142,0.2878275453701091,0.4721468871347611,Rapid acceleration detected.,Motion:hard_acceleration | Audio:0.29
FLAG040,TRIP036,DRV020,2024-02-06 06:19:45,465,hard_acceleration,high,1.0,0.6385894845287129,0.7840246890649307,Rapid acceleration detected.,Motion:hard_acceleration | Audio:0.64
FLAG041,TRIP036,DRV020,2024-02-06 06:19:45,465,sustained_stress,medium,1.0,0.6385894845287129,0.7840246890649307,Continued elevated audio with moderate motion disturbance.,Motion:sustained_stress | Audio:0.64
FLAG042,TRIP036,DRV020,2024-02-06 06:35:15,1395,loud_environment,medium,0.6625129501940227,0.9869985897241648,0.7898294629907829,Sustained elevated cabin audio (0.99).,Motion:loud_environment | Audio:0.99
FLAG043,TRIP036,DRV020,2024-02-06 06:35:15,1395,sustained_stress,medium,0.6625129501940227,0.9869985897241648,0.7898294629907829,Continued elevated audio with moderate motion disturbance.,Motion:sustained_stress | Audio:0.99
FLAG044,TRIP037,DRV049,2024-02-06 07:19:00,0,loud_environment,medium,0.0688009325573976,0.997527943461767,0.4405040577161984,Sustained elevated cabin audio (1.00).,Motion:loud_environment | Audio:1.0
FLAG045,TRIP038,DRV088,2024-02-06 08:26:00,0,loud_environment,medium,0.3280594591590118,0.9271908974164722,0.5585025292852028,Sustained elevated cabin audio (0.93).,Motion:loud_environment | Audio:0.93
FLAG046,TRIP038,DRV088,2024-02-06 08:32:15,375,sudden_brake,high,1.0,0.3204553239170359,0.5904461049108108,Sudden deceleration detected (1.00 spike). Traffic stop.,Motion:sudden_brake | Audio:0.32
FLAG047,TRIP038,DRV088,2024-02-06 08:38:30,750,loud_environment,medium,0.6334006438365933,0.997527943461767,0.7795139807511009,Sustained elevated cabin audio (1.00).,Motion:loud_environment | Audio:1.0
FLAG048,TRIP038,DRV088,2024-02-06 08:38:30,750,sustained_stress,medium,0.6334006438365933,0.997527943461767,0.7795139807511009,Continued elevated audio with moderate motion disturbance.,Motion:sustained_stress | Audio:1.0
FLAG049,TRIP039,DRV083,2024-02-06 09:33:00,0,hard_acceleration,medium,1.0,0.993190158763041,0.9971215205584708,Rapid acceleration detected.,Motion:hard_acceleration | Audio:0.99
FLAG050,TRIP039,DRV083,2024-02-06 09:33:00,0,loud_environment,medium,1.0,0.993190158763041,0.9971215205584708,Sustained elevated cabin audio (0.99).,Motion:loud_environment | Audio:0.99
FLAG051,TRIP039,DRV083,2024-02-06 09:33:00,0,sustained_stress,high,1.0,0.993190158763041,0.9971215205584708,Continued elevated audio with moderate motion disturbance.,Motion:sustained_stress | Audio:0.99
FLAG052,TRIP039,DRV083,2024-02-06 09:51:00,1080,sudden_brake,medium,0.7656032817716133,0.7426556815998662,0.7187341160117301,Sudden deceleration detected (0.77 spike). Traffic stop.,Motion:sudden_brake | Audio:0.74
FLAG053,TRIP039,DRV083,2024-02-06 09:51:00,1080,sustained_stress,medium,0.7656032817716133,0.7426556815998662,0.7187341160117301,Continued elevated audio with moderate motion disturbance.,Motion:sustained_stress | Audio:0.74
FLAG054,TRIP039,DRV083,2024-02-06 10:00:00,1620,sudden_brake,high,1.0,0.2948400856103952,0.5771506749050354,Sudden deceleration detected (1.00 spike). Traffic stop.,Motion:sudden_brake | Audio:0.29
FLAG055,TRIP040,DRV007,2024-02-06 10:40:00,0,loud_environment,high,0.5664043693856287,0.9818787145013482,0.7302201029746656,Sustained elevated cabin audio (0.98).,Motion:loud_environment | Audio:0.98
FLAG056,TRIP040,DRV007,2024-02-06 10:40:00,0,sustained_stress,medium,0.5664043693856287,0.9818787145013482,0.7302201029746656,Continued elevated audio with moderate motion disturbance.,Motion:sustained_stress | Audio:0.98
FLAG057,TRIP040,DRV007,2024-02-06 11:03:15,1395,loud_environment,high,0.3634899960052029,0.9910894988150736,0.6192526873962779,Sustained elevated cabin audio (0.99).,Motion:loud_environment | Audio:0.99
FLAG058,TRIP041,DRV118,2024-02-06 12:00:30,810,sudden_brake,high,1.0,0.5118072349754225,0.7051075777355312,Sudden deceleration detected (1.00 spike). Traffic stop.,Motion:sudden_brake | Audio:0.51
FLAG059,TRIP041,DRV118,2024-02-06 12:00:30,810,sustained_stress,medium,1.0,0.5118072349754225,0.7051075777355312,Continued elevated audio with moderate motion disturbance.,Motion:sustained_stress | Audio:0.51
FLAG060,TRIP042,DRV087,2024-02-06 12:54:00,0,hard_acceleration,medium,1.0,0.983046085858586,0.9894837719588392,Rapid acceleration detected.,Motion:hard_acceleration | Audio:0.98
FLAG061,TRIP042,DRV087,2024-02-06 12:54:00,0,sustained_stress,high,1.0,0.983046085858586,0.9894837719588392,Continued elevated audio with moderate motion disturbance.,Motion:sustained_stress | Audio:0.98
FLAG062,TRIP044,DRV131,2024-02-06 14:08:00,0,sustained_stress,medium,0.6477292269591365,0.8814296725967518,0.724827139875961,Continued elevated audio with moderate motion disturbance.,Motion:sustained_stress | Audio:0.88
FLAG063,TRIP044,DRV131,2024-02-06 14:20:00,720,sudden_brake,medium,1.0,0.3284174296710885,0.5970470724607649,Sudden deceleration detected (1.00 spike). Traffic stop.,Motion:sudden_brake | Audio:0.33
FLAG064,TRIP044,DRV131,2024-02-06 14:26:00,1080,hard_acceleration,high,1.0,0.4227747499269242,0.6452789113746901,Rapid acceleration detected.,Motion:hard_acceleration | Audio:0.42
FLAG065,TRIP045,DRV177,2024-02-06 15:15:00,0,loud_environment,high,0.2428836974662181,0.991625213100788,0.5396212163122862,Sustained elevated cabin audio (0.99).,Motion:loud_environment | Audio:0.99
FLAG066,TRIP045,DRV177,2024-02-06 15:33:30,1110,sudden_brake,high,1.0,0.3390672378437369,0.6030359781163165,Sudden deceleration detected (1.00 spike). Traffic stop.,Motion:sudden_brake | Audio:0.34
FLAG067,TRIP045,DRV177,2024-02-06 15:42:45,1665,sudden_brake,high,1.0,0.3456862444540693,0.6075472231966748,Sudden deceleration detected (1.00 spike). Traffic stop.,Motion:sudden_brake | Audio:0.35
FLAG068,TRIP046,DRV191,2024-02-06 16:22:00,0,sudden_brake,medium,0.818201239146752,0.9096731009608144,0.8404317061992104,Sudden deceleration detected (0.82 spike). Traffic stop.,Motion:sudden_brake | Audio:0.91
FLAG069,TRIP046,DRV191,2024-02-06 16:22:00,0,sustained_stress,medium,0.818201239146752,0.9096731009608144,0.8404317061992104,Continued elevated audio with moderate motion disturbance.,Motion:sustained_stress | Audio:0.91
FLAG070,TRIP046,DRV191,2024-02-06 16:36:15,855,hard_acceleration,medium,1.0,0.2577615876296695,0.5533923619879663,Rapid acceleration detected.,Motion:hard_acceleration | Audio:0.26
FLAG071,TRIP047,DRV107,2024-02-06 17:29:00,0,hard_acceleration,medium,0.771266490520404,0.4449305227608445,0.5544313120171881,Rapid acceleration detected.,Motion:hard_acceleration | Audio:0.44
FLAG072,TRIP047,DRV107,2024-02-06 17:35:45,405,loud_environment,medium,0.4915347953064799,0.9921779434617668,0.6852926747243119,Sustained elevated cabin audio (0.99).,Motion:loud_environment | Audio:0.99
FLAG073,TRIP047,DRV107,2024-02-06 17:35:45,405,sustained_stress,medium,0.4915347953064799,0.9921779434617668,0.6852926747243119,Continued elevated audio with moderate motion disturbance.,Motion:sustained_stress | Audio:0.99
FLAG074,TRIP047,DRV107,2024-02-06 17:49:15,1215,sudden_brake,medium,0.7291936995017064,0.2759167989815101,0.4445346387650381,Sudden deceleration detected (0.73 spike). Traffic stop.,Motion:sudden_brake | Audio:0.28
FLAG075,TRIP048,DRV001,2024-02-06 07:04:30,1710,loud_environment,medium,0.655453590517071,0.9969985897241648,0.7896843113852962,Sustained elevated cabin audio (1.00).,Motion:loud_environment | Audio:1.0
FLAG076,TRIP048,DRV001,2024-02-06 07:04:30,1710,sustained_stress,medium,0.655453590517071,0.9969985897241648,0.7896843113852962,Continued elevated audio with moderate motion disturbance.,Motion:sustained_stress | Audio:1.0
FLAG077,TRIP049,DRV002,2024-02-06 07:43:00,0,sudden_brake,medium,0.8835906923018647,0.5662332973146069,0.6672312806131825,Sudden deceleration detected (0.88 spike). Traffic stop.,Motion:sudden_brake | Audio:0.57
FLAG078,TRIP049,DRV002,2024-02-06 07:48:45,345,sudden_brake,medium,1.0,0.3066336129729698,0.5869614792849693,Sudden deceleration detected (1.00 spike). Traffic stop.,Motion:sudden_brake | Audio:0.31
FLAG079,TRIP049,DRV002,2024-02-06 07:54:30,690,sudden_brake,high,1.0,0.3399705041585879,0.6029895896284458,Sudden deceleration detected (1.00 spike). Traffic stop.,Motion:sudden_brake | Audio:0.34
FLAG080,TRIP050,DRV170,2024-02-06 09:01:00,660,sudden_brake,medium,1.0,0.3801192670657108,0.6277553923216371,Sudden deceleration detected (1.00 spike). Traffic stop.,Motion:sudden_brake | Audio:0.38
FLAG081,TRIP050,DRV170,2024-02-06 09:06:30,990,loud_environment,medium,1.0,0.9880070295405808,0.9895213249914288,Sustained elevated cabin audio (0.99).,Motion:loud_environment | Audio:0.99
FLAG082,TRIP050,DRV170,2024-02-06 09:06:30,990,passenger_conflict,high,1.0,0.9880070295405808,0.9895213249914288,Combined signal: harsh braking + high cabin audio. Potential argument.,Motion:passenger_conflict | Audio:0.99
FLAG083,TRIP050,DRV170,2024-02-06 09:06:30,990,sudden_brake,medium,1.0,0.9880070295405808,0.9895213249914288,Sudden deceleration detected (1.00 spike). Traffic stop.,Motion:sudden_brake | Audio:0.99
FLAG084,TRIP050,DRV170,2024-02-06 09:06:30,990,sustained_stress,high,1.0,0.9880070295405808,0.9895213249914288,Continued elevated audio with moderate motion disturbance.,Motion:sustained_stress | Audio:0.99
FLAG085,TRIP051,DRV042,2024-02-06 10:21:45,1485,sudden_brake,high,1.0,0.2754779813749456,0.5654330856472866,Sudden deceleration detected (1.00 spike). Traffic stop.,Motion:sudden_brake | Audio:0.28
FLAG086,TRIP052,DRV198,2024-02-06 10:04:00,0,hard_acceleration,medium,0.9073303597204349,0.3109984892184025,0.5454341274138701,Rapid acceleration detected.,Motion:hard_acceleration | Audio:0.31
FLAG087,TRIP052,DRV198,2024-02-06 10:09:45,345,sudden_brake,medium,0.9343590962576452,0.3612307098083825,0.5855162773901671,Sudden deceleration detected (0.93 spike). Traffic stop.,Motion:sudden_brake | Audio:0.36
FLAG088,TRIP052,DRV198,2024-02-06 10:21:15,1035,hard_acceleration,medium,1.0,0.9761099753153728,0.9854265934244832,Rapid acceleration detected.,Motion:hard_acceleration | Audio:0.98
FLAG089,TRIP052,DRV198,2024-02-06 10:21:15,1035,loud_environment,medium,1.0,0.9761099753153728,0.9854265934244832,Sustained elevated cabin audio (0.98).,Motion:loud_environment | Audio:0.98
FLAG090,TRIP052,DRV198,2024-02-06 10:21:15,1035,sustained_stress,high,1.0,0.9761099753153728,0.9854265934244832,Continued elevated audio with moderate motion disturbance.,Motion:sustained_stress | Audio:0.98
FLAG091,TRIP053,DRV149,2024-02-06 11:11:00,0,sudden_brake,medium,0.8511959017623049,0.2672308428569617,0.4875789975014309,Sudden deceleration detected (0.85 spike). Traffic stop.,Motion:sudden_brake | Audio:0.27
FLAG092,TRIP053,DRV149,2024-02-06 11:19:45,525,loud_environment,medium,0.0937536969555544,0.8619467251668282,0.3968916349316909,Sustained elevated cabin audio (0.86).,Motion:loud_environment | Audio:0.86
FLAG093,TRIP054,DRV046,2024-02-06 12:18:00,0,hard_acceleration,high,1.0,0.7358656325777209,0.8415310321805272,Rapid acceleration detected.,Motion:hard_acceleration | Audio:0.74
FLAG094,TRIP054,DRV046,2024-02-06 12:18:00,0,sustained_stress,medium,1.0,0.7358656325777209,0.8415310321805272,Continued elevated audio with moderate motion disturbance.,Motion:sustained_stress | Audio:0.74
FLAG095,TRIP055,DRV074,2024-02-06 13:48:15,1395,hard_acceleration,high,1.0,0.9056160038995552,0.9431354346603495,Rapid acceleration detected.,Motion:hard_acceleration | Audio:0.91
FLAG096,TRIP055,DRV074,2024-02-06 13:48:15,1395,loud_environment,high,1.0,0.9056160038995552,0.9431354346603495,Sustained elevated cabin audio (0.91).,Motion:loud_environment | Audio:0.91
FLAG097,TRIP055,DRV074,2024-02-06 13:48:15,1395,sustained_stress,high,1.0,0.9056160038995552,0.9431354346603495,Continued elevated audio with moderate motion disturbance.,Motion:sustained_stress | Audio:0.91
FLAG098,TRIP056,DRV026,2024-02-06 14:37:30,330,hard_acceleration,high,1.0,0.335341780337416,0.6005236358988022,Rapid acceleration detected.,Motion:hard_acceleration | Audio:0.34
FLAG099,TRIP056,DRV026,2024-02-06 14:43:00,660,loud_environment,high,0.7464683849763619,0.9491655308709284,0.8199096874834969,Sustained elevated cabin audio (0.95).,Motion:loud_environment | Audio:0.95
FLAG100,TRIP056,DRV026,2024-02-06 14:43:00,660,sustained_stress,medium,0.7464683849763619,0.9491655308709284,0.8199096874834969,Continued elevated audio with moderate motion disturbance.,Motion:sustained_stress | Audio:0.95
FLAG101,TRIP056,DRV026,2024-02-06 14:48:30,990,hard_acceleration,high,1.0,0.2858506628616726,0.5697546860610672,Rapid acceleration detected.,Motion:hard_acceleration | Audio:0.29
FLAG102,TRIP057,DRV168,2024-02-06 15:48:00,540,hard_acceleration,medium,0.9839093315234376,0.2877100037658004,0.5655044244156265,Rapid acceleration detected.,Motion:hard_acceleration | Audio:0.29
FLAG103,TRIP057,DRV168,2024-02-06 15:57:00,1080,loud_environment,medium,0.0276736922073485,0.9985486962072474,0.4146296936833366,Sustained elevated cabin audio (1.00).,Motion:loud_environment | Audio:1.0
FLAG104,TRIP058,DRV107,2024-02-06 16:55:15,555,loud_environment,high,0.6851057616223201,0.7592025862068965,0.6837477867923036,Sustained elevated cabin audio (0.76).,Motion:loud_environment | Audio:0.76
FLAG105,TRIP058,DRV107,2024-02-06 16:55:15,555,passenger_conflict,high,0.6851057616223201,0.7592025862068965,0.6837477867923036,Combined signal: harsh braking + high cabin audio. Potential argument.,Motion:passenger_conflict | Audio:0.76
FLAG106,TRIP058,DRV107,2024-02-06 16:55:15,555,sudden_brake,medium,0.6851057616223201,0.7592025862068965,0.6837477867923036,Sudden deceleration detected (0.69 spike). Traffic stop.,Motion:sudden_brake | Audio:0.76
FLAG107,TRIP058,DRV107,2024-02-06 16:55:15,555,sustained_stress,medium,0.6851057616223201,0.7592025862068965,0.6837477867923036,Continued elevated audio with moderate motion disturbance.,Motion:sustained_stress | Audio:0.76
FLAG108,TRIP059,DRV028,2024-02-06 17:53:00,0,loud_environment,medium,0.7621237539967617,0.9966069089373064,0.8551448872950409,Sustained elevated cabin audio (1.00).,Motion:loud_environment | Audio:1.0
FLAG109,TRIP059,DRV028,2024-02-06 17:53:00,0,passenger_conflict,high,0.7621237539967617,0.9966069089373064,0.8551448872950409,Combined signal: harsh braking + high cabin audio. Potential argument.,Motion:passenger_conflict | Audio:1.0
FLAG110,TRIP059,DRV028,2024-02-06 17:53:00,0,sudden_brake,medium,0.7621237539967617,0.9966069089373064,0.8551448872950409,Sudden deceleration detected (0.76 spike). Traffic stop.,Motion:sudden_brake | Audio:1.0
FLAG111,TRIP059,DRV028,2024-02-06 17:53:00,0,sustained_stress,high,0.7621237539967617,0.9966069089373064,0.8551448872950409,Continued elevated audio with moderate motion disturbance.,Motion:sustained_stress | Audio:1.0
FLAG112,TRIP059,DRV028,2024-02-06 18:00:30,450,loud_environment,medium,0.708012269057714,0.9825299662423832,0.8143808117281612,Sustained elevated cabin audio (0.98).,Motion:loud_environment | Audio:0.98
FLAG113,TRIP059,DRV028,2024-02-06 18:00:30,450,sustained_stress,medium,0.708012269057714,0.9825299662423832,0.8143808117281612,Continued elevated audio with moderate motion disturbance.,Motion:sustained_stress | Audio:0.98
FLAG114,TRIP060,DRV175,2024-02-06 06:00:00,0,loud_environment,medium,0.5202395514521634,0.9985405308709282,0.710462964502744,Sustained elevated cabin audio (1.00).,Motion:loud_environment | Audio:1.0
FLAG115,TRIP060,DRV175,2024-02-06 06:00:00,0,sustained_stress,medium,0.5202395514521634,0.9985405308709282,0.710462964502744,Continued elevated audio with moderate motion disturbance.,Motion:sustained_stress | Audio:1.0
FLAG116,TRIP060,DRV175,2024-02-06 06:05:15,315,hard_acceleration,medium,0.789076542705207,0.2727940600414524,0.4695123244930287,Rapid acceleration detected.,Motion:hard_acceleration | Audio:0.27
FLAG117,TRIP060,DRV175,2024-02-06 06:15:45,945,loud_environment,medium,0.278060492181378,0.9506549662423832,0.5442521468095762,Sustained elevated cabin audio (0.95).,Motion:loud_environment | Audio:0.95
FLAG118,TRIP061,DRV148,2024-02-06 07:07:00,0,loud_environment,medium,0.3528794453482675,0.993190158763041,0.6076120257377806,Sustained elevated cabin audio (0.99).,Motion:loud_environment | Audio:0.99
FLAG119,TRIP063,DRV189,2024-02-06 09:42:45,1305,loud_environment,high,0.3817954956139907,0.8921401014382571,0.5759244438769727,Sustained elevated cabin audio (0.89).,Motion:loud_environment | Audio:0.89
FLAG120,TRIP064,DRV097,2024-02-06 10:28:00,0,loud_environment,medium,0.7411449113385946,0.9371813809677012,0.8105262766454447,Sustained elevated cabin audio (0.94).,Motion:loud_environment | Audio:0.94
FLAG121,TRIP064,DRV097,2024-02-06 10:28:00,0,sustained_stress,medium,0.7411449113385946,0.9371813809677012,0.8105262766454447,Continued elevated audio with moderate motion disturbance.,Motion:sustained_stress | Audio:0.94
FLAG122,TRIP064,DRV097,2024-02-06 10:37:15,555,sudden_brake,medium,1.0,0.9554127483050407,0.973141533069606,Sudden deceleration detected (1.00 spike). Traffic stop.,Motion:sudden_brake | Audio:0.96
FLAG123,TRIP064,DRV097,2024-02-06 10:37:15,555,sustained_stress,high,1.0,0.9554127483050407,0.973141533069606,Continued elevated audio with moderate motion disturbance.,Motion:sustained_stress | Audio:0.96
FLAG124,TRIP065,DRV060,2024-02-06 11:53:45,1125,sudden_brake,medium,0.701629230896695,0.7154408176728935,0.6651237864015509,Sudden deceleration detected (0.70 spike). Traffic stop.,Motion:sudden_brake | Audio:0.72
FLAG125,TRIP066,DRV135,2024-02-06 12:52:30,630,loud_environment,medium,0.0532077629907764,0.9658827025880998,0.4174167724795178,Sustained elevated cabin audio (0.97).,Motion:loud_environment | Audio:0.97
FLAG126,TRIP067,DRV153,2024-02-06 13:49:00,0,sudden_brake,medium,0.7863961176875759,0.3099461956939067,0.4863619236722382,Sudden deceleration detected (0.79 spike). Traffic stop.,Motion:sudden_brake | Audio:0.31
FLAG127,TRIP067,DRV153,2024-02-06 13:56:30,450,hard_acceleration,medium,0.8404838440095018,0.2715438992636562,0.488979393366809,Rapid acceleration detected.,Motion:hard_acceleration | Audio:0.27
FLAG128,TRIP067,DRV153,2024-02-06 14:11:30,1350,hard_acceleration,medium,1.0,0.6360606043829485,0.7840596756773672,Rapid acceleration detected.,Motion:hard_acceleration | Audio:0.64
FLAG129,TRIP067,DRV153,2024-02-06 14:11:30,1350,sustained_stress,medium,1.0,0.6360606043829485,0.7840596756773672,Continued elevated audio with moderate motion disturbance.,Motion:sustained_stress | Audio:0.64
FLAG130,TRIP068,DRV182,2024-02-06 14:56:00,0,hard_acceleration,high,1.0,0.5561885163365473,0.7334863451879693,Rapid acceleration detected.,Motion:hard_acceleration | Audio:0.56
FLAG131,TRIP068,DRV182,2024-02-06 14:56:00,0,sustained_stress,medium,1.0,0.5561885163365473,0.7334863451879693,Continued elevated audio with moderate motion disturbance.,Motion:sustained_stress | Audio:0.56
FLAG132,TRIP069,DRV085,2024-02-06 15:03:00,0,loud_environment,medium,0.1036845822183749,0.8951195719001817,0.4009215688612096,Sustained elevated cabin audio (0.90).,Motion:loud_environment | Audio:0.9
FLAG133,TRIP069,DRV085,2024-02-06 15:22:00,1140,sudden_brake,medium,1.0,0.4547038109096515,0.6712460033873654,Sudden deceleration detected (1.00 spike). Traffic stop.,Motion:sudden_brake | Audio:0.45
FLAG134,TRIP069,DRV085,2024-02-06 15:22:00,1140,sustained_stress,medium,1.0,0.4547038109096515,0.6712460033873654,Continued elevated audio with moderate motion disturbance.,Motion:sustained_stress | Audio:0.45
FLAG135,TRIP070,DRV207,2024-02-06 16:10:00,0,sudden_brake,high,1.0,0.2804086246572033,0.5662323922387679,Sudden deceleration detected (1.00 spike). Traffic stop.,Motion:sudden_brake | Audio:0.28
FLAG136,TRIP070,DRV207,2024-02-06 16:18:15,495,hard_acceleration,medium,0.8900081932846823,0.9897826705662218,0.9350040781087516,Rapid acceleration detected.,Motion:hard_acceleration | Audio:0.99
FLAG137,TRIP070,DRV207,2024-02-06 16:18:15,495,loud_environment,medium,0.8900081932846823,0.9897826705662218,0.9350040781087516,Sustained elevated cabin audio (0.99).,Motion:loud_environment | Audio:0.99
FLAG138,TRIP070,DRV207,2024-02-06 16:18:15,495,sustained_stress,high,0.8900081932846823,0.9897826705662218,0.9350040781087516,Continued elevated audio with moderate motion disturbance.,Motion:sustained_stress | Audio:0.99
FLAG139,TRIP071,DRV011,2024-02-06 17:24:45,465,sudden_brake,medium,1.0,0.2740041332446455,0.565245505459395,Sudden deceleration detected (1.00 spike). Traffic stop.,Motion:sudden_brake | Audio:0.27
FLAG140,TRIP073,DRV031,2024-02-06 07:38:00,420,loud_environment,medium,0.5333086666845716,0.8484480795036895,0.643774242771727,Sustained elevated cabin audio (0.85).,Motion:loud_environment | Audio:0.85
FLAG141,TRIP073,DRV031,2024-02-06 07:45:00,840,sudden_brake,medium,0.9252523752235132,0.3134786240740485,0.5531328719480331,Sudden deceleration detected (0.93 spike). Traffic stop.,Motion:sudden_brake | Audio:0.31
FLAG142,TRIP074,DRV128,2024-02-06 08:47:30,570,sudden_brake,medium,0.862825523273147,0.4827977925499024,0.6152473172400955,Sudden deceleration detected (0.86 spike). Traffic stop.,Motion:sudden_brake | Audio:0.48
FLAG143,TRIP075,DRV056,2024-02-06 09:45:00,0,loud_environment,medium,0.6982321560107724,0.9900299662423832,0.8138400383987384,Sustained elevated cabin audio (0.99).,Motion:loud_environment | Audio:0.99
FLAG144,TRIP075,DRV056,2024-02-06 09:45:00,0,sustained_stress,medium,0.6982321560107724,0.9900299662423832,0.8138400383987384,Continued elevated audio with moderate motion disturbance.,Motion:sustained_stress | Audio:0.99
FLAG145,TRIP075,DRV056,2024-02-06 09:51:45,405,hard_acceleration,medium,0.7799754763470781,0.3302499470654949,0.4939650100783359,Rapid acceleration detected.,Motion:hard_acceleration | Audio:0.33
FLAG146,TRIP076,DRV189,2024-02-06 10:52:00,0,loud_environment,medium,0.7231848995802171,0.9797826705662218,0.8234510305853604,Sustained elevated cabin audio (0.98).,Motion:loud_environment | Audio:0.98
FLAG147,TRIP076,DRV189,2024-02-06 10:52:00,0,sustained_stress,medium,0.7231848995802171,0.9797826705662218,0.8234510305853604,Continued elevated audio with moderate motion disturbance.,Motion:sustained_stress | Audio:0.98
FLAG148,TRIP076,DRV189,2024-02-06 11:20:30,1710,hard_acceleration,high,1.0,0.3633827070866087,0.6201055750261121,Rapid acceleration detected.,Motion:hard_acceleration | Audio:0.36
FLAG149,TRIP077,DRV206,2024-02-06 11:59:00,0,loud_environment,medium,0.2619318275260258,0.9710993720331956,0.5423109162931629,Sustained elevated cabin audio (0.97).,Motion:loud_environment | Audio:0.97
FLAG150,TRIP077,DRV206,2024-02-06 12:23:00,1440,sudden_brake,medium,0.9127867891458936,0.3086838154485902,0.5456840602854025,Sudden deceleration detected (0.91 spike). Traffic stop.,Motion:sudden_brake | Audio:0.31
FLAG151,TRIP078,DRV194,2024-02-06 12:27:00,1260,sudden_brake,medium,0.8076937095308209,0.3425277266891157,0.5134960044124476,Sudden deceleration detected (0.81 spike). Traffic stop.,Motion:sudden_brake | Audio:0.34
FLAG152,TRIP080,DRV172,2024-02-06 14:39:00,1140,hard_acceleration,high,1.0,0.5729431523313108,0.7433238814423833,Rapid acceleration detected.,Motion:hard_acceleration | Audio:0.57
FLAG153,TRIP080,DRV172,2024-02-06 14:39:00,1140,sustained_stress,medium,1.0,0.5729431523313108,0.7433238814423833,Continued elevated audio with moderate motion disturbance.,Motion:sustained_stress | Audio:0.57
FLAG154,TRIP081,DRV048,2024-02-06 15:33:30,390,sudden_brake,medium,0.8299069432367907,0.2963204582646574,0.4994494822723188,Sudden deceleration detected (0.83 spike). Traffic stop.,Motion:sudden_brake | Audio:0.3
FLAG155,TRIP081,DRV048,2024-02-06 15:40:00,780,loud_environment,medium,0.165653456233445,0.9966069089373064,0.4979371365258293,Sustained elevated cabin audio (1.00).,Motion:loud_environment | Audio:1.0
FLAG156,TRIP082,DRV066,2024-02-06 16:52:30,1110,loud_environment,medium,0.329791313789022,0.9797608485953244,0.5894078082408756,Sustained elevated cabin audio (0.98).,Motion:loud_environment | Audio:0.98
FLAG157,TRIP083,DRV151,2024-02-06 17:41:00,0,hard_acceleration,medium,0.8912331677614929,0.3350114269091748,0.5503557216986147,Rapid acceleration detected.,Motion:hard_acceleration | Audio:0.34
FLAG158,TRIP083,DRV151,2024-02-06 17:56:45,945,hard_acceleration,high,1.0,0.7343603625887621,0.8407544517507654,Rapid acceleration detected.,Motion:hard_acceleration | Audio:0.73
FLAG159,TRIP083,DRV151,2024-02-06 17:56:45,945,sustained_stress,medium,1.0,0.7343603625887621,0.8407544517507654,Continued elevated audio with moderate motion disturbance.,Motion:sustained_stress | Audio:0.73
FLAG160,TRIP084,DRV112,2024-02-06 06:48:00,0,loud_environment,medium,0.6151277175770166,0.5498264477386976,0.5363584952489316,Sustained elevated cabin audio (0.55).,Motion:loud_environment | Audio:0.55
FLAG161,TRIP085,DRV133,2024-02-06 08:01:30,390,hard_acceleration,medium,0.8577194151802362,0.2871516743840535,0.5056506385406113,Rapid acceleration detected.,Motion:hard_acceleration | Audio:0.29
FLAG162,TRIP085,DRV133,2024-02-06 08:08:00,780,hard_acceleration,high,1.0,0.9796779434617668,0.987434142442838,Rapid acceleration detected.,Motion:hard_acceleration | Audio:0.98
FLAG163,TRIP085,DRV133,2024-02-06 08:08:00,780,sustained_stress,high,1.0,0.9796779434617668,0.987434142442838,Continued elevated audio with moderate motion disturbance.,Motion:sustained_stress | Audio:0.98
FLAG164,TRIP085,DRV133,2024-02-06 08:14:30,1170,hard_acceleration,medium,0.7630236982713948,0.5214451441836919,0.5947619166843428,Rapid acceleration detected.,Motion:hard_acceleration | Audio:0.52
FLAG165,TRIP086,DRV034,2024-02-06 08:11:15,555,loud_environment,medium,0.6220963327416437,0.512857921378587,0.5181782257726705,Sustained elevated cabin audio (0.51).,Motion:loud_environment | Audio:0.51
FLAG166,TRIP086,DRV034,2024-02-06 08:20:30,1110,sudden_brake,medium,0.8144009089386763,0.4044478130079703,0.5556594425336313,Sudden deceleration detected (0.81 spike). Traffic stop.,Motion:sudden_brake | Audio:0.4
FLAG167,TRIP087,DRV011,2024-02-06 09:14:45,345,hard_acceleration,medium,0.869935085257555,0.5273374725410873,0.6507348064181572,Rapid acceleration detected.,Motion:hard_acceleration | Audio:0.53
FLAG168,TRIP087,DRV011,2024-02-06 09:20:30,690,hard_acceleration,medium,0.7938970898105985,0.3991979923915022,0.5400334105429699,Rapid acceleration detected.,Motion:hard_acceleration | Audio:0.4
FLAG169,TRIP087,DRV011,2024-02-06 09:26:15,1035,hard_acceleration,medium,0.8411184226908918,0.4150971369108229,0.569741760759737,Rapid acceleration detected.,Motion:hard_acceleration | Audio:0.42
FLAG170,TRIP088,DRV043,2024-02-06 10:34:30,1110,loud_environment,medium,0.0812980915414914,0.9658612767951004,0.4340360873562885,Sustained elevated cabin audio (0.97).,Motion:loud_environment | Audio:0.97
FLAG171,TRIP089,DRV078,2024-02-06 11:47:00,1440,hard_acceleration,high,1.0,0.2903786956478112,0.5743722847021047,Rapid acceleration detected.,Motion:hard_acceleration | Audio:0.29
FLAG172,TRIP090,DRV003,2024-02-06 12:30:00,0,sudden_brake,high,1.0,0.344688119287294,0.6060727276245316,Sudden deceleration detected (1.00 spike). Traffic stop.,Motion:sudden_brake | Audio:0.34
FLAG173,TRIP090,DRV003,2024-02-06 12:37:30,450,sudden_brake,high,1.0,0.5784522291604887,0.7415603031659344,Sudden deceleration detected (1.00 spike). Traffic stop.,Motion:sudden_brake | Audio:0.58
FLAG174,TRIP090,DRV003,2024-02-06 12:37:30,450,sustained_stress,medium,1.0,0.5784522291604887,0.7415603031659344,Continued elevated audio with moderate motion disturbance.,Motion:sustained_stress | Audio:0.58
FLAG175,TRIP090,DRV003,2024-02-06 12:45:00,900,sudden_brake,high,1.0,0.3688424667633844,0.6220755381563261,Sudden deceleration detected (1.00 spike). Traffic stop.,Motion:sudden_brake | Audio:0.37
FLAG176,TRIP090,DRV003,2024-02-06 12:52:30,1350,hard_acceleration,high,1.0,0.5271080634016895,0.7169890696310155,Rapid acceleration detected.,Motion:hard_acceleration | Audio:0.53
FLAG177,TRIP090,DRV003,2024-02-06 12:52:30,1350,sustained_stress,medium,1.0,0.5271080634016895,0.7169890696310155,Continued elevated audio with moderate motion disturbance.,Motion:sustained_stress | Audio:0.53
FLAG178,TRIP091,DRV039,2024-02-06 13:37:00,0,hard_acceleration,high,1.0,0.8880219773113286,0.9325763003712492,Rapid acceleration detected.,Motion:hard_acceleration | Audio:0.89
FLAG179,TRIP091,DRV039,2024-02-06 13:37:00,0,sustained_stress,high,1.0,0.8880219773113286,0.9325763003712492,Continued elevated audio with moderate motion disturbance.,Motion:sustained_stress | Audio:0.89
FLAG180,TRIP091,DRV039,2024-02-06 13:43:30,390,hard_acceleration,high,1.0,0.4503769036640734,0.668412937662515,Rapid acceleration detected.,Motion:hard_acceleration | Audio:0.45
FLAG181,TRIP091,DRV039,2024-02-06 13:43:30,390,sustained_stress,medium,1.0,0.4503769036640734,0.668412937662515,Continued elevated audio with moderate motion disturbance.,Motion:sustained_stress | Audio:0.45
FLAG182,TRIP091,DRV039,2024-02-06 13:50:00,780,sudden_brake,medium,0.8941803250450499,0.3160978829252134,0.5445601820916574,Sudden deceleration detected (0.89 spike). Traffic stop.,Motion:sudden_brake | Audio:0.32
FLAG183,TRIP092,DRV059,2024-02-06 14:52:15,495,hard_acceleration,medium,1.0,0.2840252924885522,0.5706259116312155,Rapid acceleration detected.,Motion:hard_acceleration | Audio:0.28
FLAG184,TRIP092,DRV059,2024-02-06 15:08:45,1485,loud_environment,medium,0.0332864429492437,0.7967397713601645,0.3367748276179376,Sustained elevated cabin audio (0.80).,Motion:loud_environment | Audio:0.8
FLAG185,TRIP093,DRV090,2024-02-06 15:55:45,285,hard_acceleration,medium,0.8219643992119446,0.9143257575757576,0.8451668596405955,Rapid acceleration detected.,Motion:hard_acceleration | Audio:0.91
FLAG186,TRIP093,DRV090,2024-02-06 15:55:45,285,sustained_stress,high,0.8219643992119446,0.9143257575757576,0.8451668596405955,Continued elevated audio with moderate motion disturbance.,Motion:sustained_stress | Audio:0.91
FLAG187,TRIP093,DRV090,2024-02-06 16:05:15,855,hard_acceleration,medium,0.7651516839292843,0.754375,0.7315938352501781,Rapid acceleration detected.,Motion:hard_acceleration | Audio:0.75
FLAG188,TRIP093,DRV090,2024-02-06 16:05:15,855,loud_environment,high,0.7651516839292843,0.754375,0.7315938352501781,Sustained elevated cabin audio (0.75).,Motion:loud_environment | Audio:0.75
FLAG189,TRIP093,DRV090,2024-02-06 16:05:15,855,sustained_stress,medium,0.7651516839292843,0.754375,0.7315938352501781,Continued elevated audio with moderate motion disturbance.,Motion:sustained_stress | Audio:0.75
FLAG190,TRIP094,DRV139,2024-02-06 17:05:15,435,loud_environment,medium,0.399129515153005,0.9982446588648636,0.6362080096466699,Sustained elevated cabin audio (1.00).,Motion:loud_environment | Audio:1.0
FLAG191,TRIP095,DRV088,2024-02-06 17:05:00,0,sustained_stress,medium,0.4991699481081482,0.9462790838279356,0.6728327125383484,Continued elevated audio with moderate motion disturbance.,Motion:sustained_stress | Audio:0.95
FLAG192,TRIP095,DRV088,2024-02-06 17:10:45,345,sudden_brake,medium,0.7369646453869207,0.3085034325028635,0.4626190927444036,Sudden deceleration detected (0.74 spike). Traffic stop.,Motion:sudden_brake | Audio:0.31
FLAG193,TRIP095,DRV088,2024-02-06 17:16:30,690,sudden_brake,medium,0.9603311563659828,0.2762982372622392,0.5480155509403701,Sudden deceleration detected (0.96 spike). Traffic stop.,Motion:sudden_brake | Audio:0.28
FLAG194,TRIP095,DRV088,2024-02-06 17:22:15,1035,hard_acceleration,medium,0.7778497646896471,0.2832757564936774,0.4684505260974345,Rapid acceleration detected.,Motion:hard_acceleration | Audio:0.28
FLAG195,TRIP096,DRV041,2024-02-06 06:19:00,420,hard_acceleration,medium,0.9737850725940224,0.6192357621000889,0.7577519294748847,Rapid acceleration detected.,Motion:hard_acceleration | Audio:0.62
FLAG196,TRIP096,DRV041,2024-02-06 06:19:00,420,sustained_stress,medium,0.9737850725940224,0.6192357621000889,0.7577519294748847,Continued elevated audio with moderate motion disturbance.,Motion:sustained_stress | Audio:0.62
FLAG197,TRIP096,DRV041,2024-02-06 06:26:00,840,loud_environment,medium,0.6701887582832556,0.9966069089373064,0.789751794854521,Sustained elevated cabin audio (1.00).,Motion:loud_environment | Audio:1.0
FLAG198,TRIP096,DRV041,2024-02-06 06:26:00,840,passenger_conflict,high,0.6701887582832556,0.9966069089373064,0.789751794854521,Combined signal: harsh braking + high cabin audio. Potential argument.,Motion:passenger_conflict | Audio:1.0
FLAG199,TRIP096,DRV041,2024-02-06 06:26:00,840,sudden_brake,medium,0.6701887582832556,0.9966069089373064,0.789751794854521,Sudden deceleration detected (0.67 spike). Traffic stop.,Motion:sudden_brake | Audio:1.0
FLAG200,TRIP096,DRV041,2024-02-06 06:26:00,840,sustained_stress,medium,0.6701887582832556,0.9966069089373064,0.789751794854521,Continued elevated audio with moderate motion disturbance.,Motion:sustained_stress | Audio:1.0
FLAG201,TRIP097,DRV099,2024-02-06 07:19:00,0,loud_environment,medium,0.2008766573610958,0.8307425367632022,0.4473889371813247,Sustained elevated cabin audio (0.83).,Motion:loud_environment | Audio:0.83
FLAG202,TRIP098,DRV083,2024-02-06 08:26:00,0,sudden_brake,medium,0.8236268409338819,0.4188304494817531,0.5655035300126254,Sudden deceleration detected (0.82 spike). Traffic stop.,Motion:sudden_brake | Audio:0.42
FLAG203,TRIP098,DRV083,2024-02-06 08:33:15,435,loud_environment,high,1.0,0.9487975723311232,0.9692205301997332,Sustained elevated cabin audio (0.95).,Motion:loud_environment | Audio:0.95
FLAG204,TRIP098,DRV083,2024-02-06 08:33:15,435,passenger_conflict,high,1.0,0.9487975723311232,0.9692205301997332,Combined signal: harsh braking + high cabin audio. Potential argument.,Motion:passenger_conflict | Audio:0.95
FLAG205,TRIP098,DRV083,2024-02-06 08:33:15,435,sudden_brake,medium,1.0,0.9487975723311232,0.9692205301997332,Sudden deceleration detected (1.00 spike). Traffic stop.,Motion:sudden_brake | Audio:0.95
FLAG206,TRIP098,DRV083,2024-02-06 08:33:15,435,sustained_stress,high,1.0,0.9487975723311232,0.9692205301997332,Continued elevated audio with moderate motion disturbance.,Motion:sustained_stress | Audio:0.95
FLAG207,TRIP099,DRV004,2024-02-06 09:46:00,780,loud_environment,medium,1.0,0.7995438249347291,0.8795890787430214,Sustained elevated cabin audio (0.80).,Motion:loud_environment | Audio:0.8
FLAG208,TRIP099,DRV004,2024-02-06 09:46:00,780,passenger_conflict,high,1.0,0.7995438249347291,0.8795890787430214,Combined signal: harsh braking + high cabin audio. Potential argument.,Motion:passenger_conflict | Audio:0.8
FLAG209,TRIP099,DRV004,2024-02-06 09:46:00,780,sudden_brake,medium,1.0,0.7995438249347291,0.8795890787430214,Sudden deceleration detected (1.00 spike). Traffic stop.,Motion:sudden_brake | Audio:0.8
FLAG210,TRIP099,DRV004,2024-02-06 09:46:00,780,sustained_stress,high,1.0,0.7995438249347291,0.8795890787430214,Continued elevated audio with moderate motion disturbance.,Motion:sustained_stress | Audio:0.8
FLAG211,TRIP100,DRV013,2024-02-06 10:48:15,495,hard_acceleration,medium,0.8967249534562295,0.287518885078887,0.5286963729054109,Rapid acceleration detected.,Motion:hard_acceleration | Audio:0.29
FLAG212,TRIP100,DRV013,2024-02-06 10:56:30,990,loud_environment,medium,0.3596529538438404,0.9253490486325996,0.5796927566265293,Sustained elevated cabin audio (0.93).,Motion:loud_environment | Audio:0.93
FLAG213,TRIP101,DRV016,2024-02-06 11:55:00,480,sudden_brake,high,1.0,0.2910442253999556,0.5758167399075098,Sudden deceleration detected (1.00 spike). Traffic stop.,Motion:sudden_brake | Audio:0.29
FLAG214,TRIP101,DRV016,2024-02-06 12:11:00,1440,loud_environment,medium,0.0950953598933973,0.9935405308709282,0.4531760560580717,Sustained elevated cabin audio (0.99).,Motion:loud_environment | Audio:0.99
FLAG215,TRIP102,DRV183,2024-02-06 12:54:00,0,hard_acceleration,medium,1.0,0.45968219908783,0.6705032065735224,Rapid acceleration detected.,Motion:hard_acceleration | Audio:0.46
FLAG216,TRIP102,DRV183,2024-02-06 12:54:00,0,sustained_stress,medium,1.0,0.45968219908783,0.6705032065735224,Continued elevated audio with moderate motion disturbance.,Motion:sustained_stress | Audio:0.46
FLAG217,TRIP102,DRV183,2024-02-06 13:02:15,495,loud_environment,medium,1.0,0.7979897713601645,0.8788226711169572,Sustained elevated cabin audio (0.80).,Motion:loud_environment | Audio:0.8
FLAG218,TRIP102,DRV183,2024-02-06 13:02:15,495,passenger_conflict,high,1.0,0.7979897713601645,0.8788226711169572,Combined signal: harsh braking + high cabin audio. Potential argument.,Motion:passenger_conflict | Audio:0.8
FLAG219,TRIP102,DRV183,2024-02-06 13:02:15,495,sudden_brake,high,1.0,0.7979897713601645,0.8788226711169572,Sudden deceleration detected (1.00 spike). Traffic stop.,Motion:sudden_brake | Audio:0.8
FLAG220,TRIP102,DRV183,2024-02-06 13:02:15,495,sustained_stress,high,1.0,0.7979897713601645,0.8788226711169572,Continued elevated audio with moderate motion disturbance.,Motion:sustained_stress | Audio:0.8
FLAG221,TRIP103,DRV114,2024-02-06 13:01:00,0,loud_environment,medium,0.0245560095074497,0.988840362873914,0.4104964898021299,Sustained elevated cabin audio (0.99).,Motion:loud_environment | Audio:0.99
FLAG222,TRIP103,DRV114,2024-02-06 13:09:00,480,hard_acceleration,medium,1.0,0.7422681880149702,0.844390331581086,Rapid acceleration detected.,Motion:hard_acceleration | Audio:0.74
FLAG223,TRIP103,DRV114,2024-02-06 13:09:00,480,sustained_stress,high,1.0,0.7422681880149702,0.844390331581086,Continued elevated audio with moderate motion disturbance.,Motion:sustained_stress | Audio:0.74
FLAG224,TRIP103,DRV114,2024-02-06 13:25:00,1440,hard_acceleration,medium,0.946713182380346,0.2568099014081429,0.5294465564897076,Rapid acceleration detected.,Motion:hard_acceleration | Audio:0.26
FLAG225,TRIP104,DRV021,2024-02-06 14:08:00,0,loud_environment,medium,1.0,0.9616069089373064,0.9732340481741693,Sustained elevated cabin audio (0.96).,Motion:loud_environment | Audio:0.96
FLAG226,TRIP104,DRV021,2024-02-06 14:08:00,0,passenger_conflict,high,1.0,0.9616069089373064,0.9732340481741693,Combined signal: harsh braking + high cabin audio. Potential argument.,Motion:passenger_conflict | Audio:0.96
FLAG227,TRIP104,DRV021,2024-02-06 14:08:00,0,sudden_brake,medium,1.0,0.9616069089373064,0.9732340481741693,Sudden deceleration detected (1.00 spike). Traffic stop.,Motion:sudden_brake | Audio:0.96
FLAG228,TRIP104,DRV021,2024-02-06 14:08:00,0,sustained_stress,high,1.0,0.9616069089373064,0.9732340481741693,Continued elevated audio with moderate motion disturbance.,Motion:sustained_stress | Audio:0.96
FLAG229,TRIP104,DRV021,2024-02-06 14:19:00,660,hard_acceleration,medium,0.8314004697518226,0.2995703371469014,0.5015624220638507,Rapid acceleration detected.,Motion:hard_acceleration | Audio:0.3
FLAG230,TRIP105,DRV100,2024-02-06 15:15:00,0,sudden_brake,medium,0.735163427515623,0.2795913475743009,0.4460259151955116,Sudden deceleration detected (0.74 spike). Traffic stop.,Motion:sudden_brake | Audio:0.28
FLAG231,TRIP106,DRV205,2024-02-06 16:22:00,0,sudden_brake,medium,0.7798712977184766,0.6571564024211082,0.6801889049828794,Sudden deceleration detected (0.78 spike). Traffic stop.,Motion:sudden_brake | Audio:0.66
FLAG232,TRIP106,DRV205,2024-02-06 16:22:00,0,sustained_stress,medium,0.7798712977184766,0.6571564024211082,0.6801889049828794,Continued elevated audio with moderate motion disturbance.,Motion:sustained_stress | Audio:0.66
FLAG233,TRIP106,DRV205,2024-02-06 16:28:00,360,sudden_brake,medium,0.9774558057599302,0.6399745989304813,0.7717860833948902,Sudden deceleration detected (0.98 spike). Traffic stop.,Motion:sudden_brake | Audio:0.64
FLAG234,TRIP106,DRV205,2024-02-06 16:28:00,360,sustained_stress,medium,0.9774558057599302,0.6399745989304813,0.7717860833948902,Continued elevated audio with moderate motion disturbance.,Motion:sustained_stress | Audio:0.64
FLAG235,TRIP106,DRV205,2024-02-06 16:34:00,720,hard_acceleration,medium,0.8649827698887226,0.3621262286000307,0.5533349329267826,Rapid acceleration detected.,Motion:hard_acceleration | Audio:0.36
FLAG236,TRIP107,DRV046,2024-02-06 17:29:00,0,loud_environment,medium,0.2874557190103218,0.9985486962072474,0.5709745152313671,Sustained elevated cabin audio (1.00).,Motion:loud_environment | Audio:1.0
FLAG237,TRIP107,DRV046,2024-02-06 17:36:45,465,loud_environment,medium,0.1426527072141299,0.9895157152992664,0.4818738320029974,Sustained elevated cabin audio (0.99).,Motion:loud_environment | Audio:0.99
FLAG238,TRIP107,DRV046,2024-02-06 17:52:15,1395,sustained_stress,medium,0.550352225901935,0.9739924242424244,0.7171256190929737,Continued elevated audio with moderate motion disturbance.,Motion:sustained_stress | Audio:0.97
FLAG239,TRIP108,DRV202,2024-02-06 06:36:00,0,hard_acceleration,medium,0.8501079369837251,0.7983526334776334,0.7943724491987494,Rapid acceleration detected.,Motion:hard_acceleration | Audio:0.8
FLAG240,TRIP108,DRV202,2024-02-06 06:36:00,0,sustained_stress,medium,0.8501079369837251,0.7983526334776334,0.7943724491987494,Continued elevated audio with moderate motion disturbance.,Motion:sustained_stress | Audio:0.8
FLAG241,TRIP108,DRV202,2024-02-06 06:50:00,840,hard_acceleration,medium,0.7851506509944799,0.9697826705662216,0.85439292469742,Rapid acceleration detected.,Motion:hard_acceleration | Audio:0.97
FLAG242,TRIP108,DRV202,2024-02-06 06:50:00,840,loud_environment,medium,0.7851506509944799,0.9697826705662216,0.85439292469742,Sustained elevated cabin audio (0.97).,Motion:loud_environment | Audio:0.97
FLAG243,TRIP108,DRV202,2024-02-06 06:50:00,840,sustained_stress,high,0.7851506509944799,0.9697826705662216,0.85439292469742,Continued elevated audio with moderate motion disturbance.,Motion:sustained_stress | Audio:0.97
FLAG244,TRIP110,DRV198,2024-02-06 08:58:15,495,hard_acceleration,high,1.0,0.5034985196019912,0.7034960361114124,Rapid acceleration detected.,Motion:hard_acceleration | Audio:0.5
FLAG245,TRIP110,DRV198,2024-02-06 08:58:15,495,sustained_stress,medium,1.0,0.5034985196019912,0.7034960361114124,Continued elevated audio with moderate motion disturbance.,Motion:sustained_stress | Audio:0.5
FLAG246,TRIP110,DRV198,2024-02-06 09:06:30,990,sudden_brake,medium,0.8015044227885593,0.8739758460599991,0.8103774841375349,Sudden deceleration detected (0.80 spike). Traffic stop.,Motion:sudden_brake | Audio:0.87
FLAG247,TRIP110,DRV198,2024-02-06 09:06:30,990,sustained_stress,medium,0.8015044227885593,0.8739758460599991,0.8103774841375349,Continued elevated audio with moderate motion disturbance.,Motion:sustained_stress | Audio:0.87
FLAG248,TRIP111,DRV183,2024-02-06 09:57:00,0,hard_acceleration,high,1.0,0.9533604826546004,0.9719206288929564,Rapid acceleration detected.,Motion:hard_acceleration | Audio:0.95
FLAG249,TRIP111,DRV183,2024-02-06 09:57:00,0,sustained_stress,high,1.0,0.9533604826546004,0.9719206288929564,Continued elevated audio with moderate motion disturbance.,Motion:sustained_stress | Audio:0.95
FLAG250,TRIP112,DRV095,2024-02-06 10:04:00,0,sudden_brake,medium,1.0,0.2567587498855002,0.5536217472867592,Sudden deceleration detected (1.00 spike). Traffic stop.,Motion:sudden_brake | Audio:0.26
FLAG251,TRIP112,DRV095,2024-02-06 10:22:00,1080,hard_acceleration,medium,1.0,0.3202442570591551,0.590598962232002,Rapid acceleration detected.,Motion:hard_acceleration | Audio:0.32
FLAG252,TRIP112,DRV095,2024-02-06 10:31:00,1620,hard_acceleration,high,1.0,0.7183590997477158,0.8306173408548717,Rapid acceleration detected.,Motion:hard_acceleration | Audio:0.72
FLAG253,TRIP112,DRV095,2024-02-06 10:31:00,1620,sustained_stress,medium,1.0,0.7183590997477158,0.8306173408548717,Continued elevated audio with moderate motion disturbance.,Motion:sustained_stress | Audio:0.72
FLAG254,TRIP113,DRV056,2024-02-06 11:15:45,285,loud_environment,medium,0.0548913879129952,0.9935405308709282,0.429576371631867,Sustained elevated cabin audio (0.99).,Motion:loud_environment | Audio:0.99
FLAG255,TRIP113,DRV056,2024-02-06 11:25:15,855,loud_environment,medium,0.2775869163135063,0.993190158763041,0.5612140489195914,Sustained elevated cabin audio (0.99).,Motion:loud_environment | Audio:0.99
FLAG256,TRIP114,DRV174,2024-02-06 12:25:30,450,sudden_brake,medium,0.7771252414407308,0.2860013174730914,0.4702312394371302,Sudden deceleration detected (0.78 spike). Traffic stop.,Motion:sudden_brake | Audio:0.29
FLAG257,TRIP115,DRV132,2024-02-06 13:38:30,810,sudden_brake,high,1.0,0.3044989361285363,0.5806424971381509,Sudden deceleration detected (1.00 spike). Traffic stop.,Motion:sudden_brake | Audio:0.3
FLAG258,TRIP116,DRV195,2024-02-06 15:00:30,1710,sudden_brake,medium,0.9125728660603944,0.2652089627590284,0.5199830467615902,Sudden deceleration detected (0.91 spike). Traffic stop.,Motion:sudden_brake | Audio:0.27
FLAG259,TRIP117,DRV032,2024-02-06 15:46:45,465,hard_acceleration,medium,1.0,0.2940628398692185,0.5768426663888762,Rapid acceleration detected.,Motion:hard_acceleration | Audio:0.29
FLAG260,TRIP117,DRV032,2024-02-06 16:02:15,1395,sudden_brake,medium,1.0,0.9694678030303032,0.9816166214958066,Sudden deceleration detected (1.00 spike). Traffic stop.,Motion:sudden_brake | Audio:0.97
FLAG261,TRIP117,DRV032,2024-02-06 16:02:15,1395,sustained_stress,high,1.0,0.9694678030303032,0.9816166214958066,Continued elevated audio with moderate motion disturbance.,Motion:sustained_stress | Audio:0.97
FLAG262,TRIP118,DRV124,2024-02-06 17:00:30,870,loud_environment,medium,0.8263786056873986,0.9905656805280976,0.8906911110494907,Sustained elevated cabin audio (0.99).,Motion:loud_environment | Audio:0.99
FLAG263,TRIP118,DRV124,2024-02-06 17:00:30,870,passenger_conflict,high,0.8263786056873986,0.9905656805280976,0.8906911110494907,Combined signal: harsh braking + high cabin audio. Potential argument.,Motion:passenger_conflict | Audio:0.99
FLAG264,TRIP118,DRV124,2024-02-06 17:00:30,870,sudden_brake,medium,0.8263786056873986,0.9905656805280976,0.8906911110494907,Sudden deceleration detected (0.83 spike). Traffic stop.,Motion:sudden_brake | Audio:0.99
FLAG265,TRIP118,DRV124,2024-02-06 17:00:30,870,sustained_stress,high,0.8263786056873986,0.9905656805280976,0.8906911110494907,Continued elevated audio with moderate motion disturbance.,Motion:sustained_stress | Audio:0.99
FLAG266,TRIP118,DRV124,2024-02-06 17:07:45,1305,hard_acceleration,medium,0.8519533125276059,0.679788195138195,0.7304584026224047,Rapid acceleration detected.,Motion:hard_acceleration | Audio:0.68
FLAG267,TRIP118,DRV124,2024-02-06 17:07:45,1305,sustained_stress,medium,0.8519533125276059,0.679788195138195,0.7304584026224047,Continued elevated audio with moderate motion disturbance.,Motion:sustained_stress | Audio:0.68
FLAG268,TRIP119,DRV160,2024-02-06 18:15:30,1350,sudden_brake,high,1.0,0.3871932027952413,0.6332905665329549,Sudden deceleration detected (1.00 spike). Traffic stop.,Motion:sudden_brake | Audio:0.39
FLAG269,TRIP121,DRV004,2024-02-06 07:07:00,0,sudden_brake,high,1.0,0.2857926390562971,0.5689663550125597,Sudden deceleration detected (1.00 spike). Traffic stop.,Motion:sudden_brake | Audio:0.29
FLAG270,TRIP121,DRV004,2024-02-06 07:11:45,285,sudden_brake,medium,0.6733118088057618,0.4168104486440997,0.4943898443373406,Sudden deceleration detected (0.67 spike). Traffic stop.,Motion:sudden_brake | Audio:0.42
FLAG271,TRIP123,DRV126,2024-02-06 09:21:00,0,loud_environment,high,0.9355725729022828,0.9987410038995552,0.960615445291788,Sustained elevated cabin audio (1.00).,Motion:loud_environment | Audio:1.0
FLAG272,TRIP123,DRV126,2024-02-06 09:21:00,0,passenger_conflict,high,0.9355725729022828,0.9987410038995552,0.960615445291788,Combined signal: harsh braking + high cabin audio. Potential argument.,Motion:passenger_conflict | Audio:1.0
FLAG273,TRIP123,DRV126,2024-02-06 09:21:00,0,sudden_brake,medium,0.9355725729022828,0.9987410038995552,0.960615445291788,Sudden deceleration detected (0.94 spike). Traffic stop.,Motion:sudden_brake | Audio:1.0
FLAG274,TRIP123,DRV126,2024-02-06 09:21:00,0,sustained_stress,high,0.9355725729022828,0.9987410038995552,0.960615445291788,Continued elevated audio with moderate motion disturbance.,Motion:sustained_stress | Audio:1.0
FLAG275,TRIP123,DRV126,2024-02-06 09:34:30,810,hard_acceleration,medium,1.0,0.7588186746775755,0.8557919593842578,Rapid acceleration detected.,Motion:hard_acceleration | Audio:0.76
FLAG276,TRIP123,DRV126,2024-02-06 09:34:30,810,loud_environment,medium,1.0,0.7588186746775755,0.8557919593842578,Sustained elevated cabin audio (0.76).,Motion:loud_environment | Audio:0.76
FLAG277,TRIP123,DRV126,2024-02-06 09:34:30,810,sustained_stress,high,1.0,0.7588186746775755,0.8557919593842578,Continued elevated audio with moderate motion disturbance.,Motion:sustained_stress | Audio:0.76
FLAG278,TRIP124,DRV084,2024-02-06 10:33:30,330,loud_environment,high,0.4590757342434746,0.9887410038995552,0.6705151519702442,Sustained elevated cabin audio (0.99).,Motion:loud_environment | Audio:0.99
FLAG279,TRIP124,DRV084,2024-02-06 10:33:30,330,sustained_stress,medium,0.4590757342434746,0.9887410038995552,0.6705151519702442,Continued elevated audio with moderate motion disturbance.,Motion:sustained_stress | Audio:0.99
FLAG280,TRIP125,DRV198,2024-02-06 11:35:00,0,loud_environment,medium,0.1947247606971811,0.9937410038995552,0.514223281728128,Sustained elevated cabin audio (0.99).,Motion:loud_environment | Audio:0.99
FLAG281,TRIP125,DRV198,2024-02-06 11:41:45,405,hard_acceleration,medium,1.0,0.2836339113256994,0.5692767033865466,Rapid acceleration detected.,Motion:hard_acceleration | Audio:0.28
FLAG282,TRIP125,DRV198,2024-02-06 11:55:15,1215,sudden_brake,high,1.0,0.4438180893340027,0.6656620286514181,Sudden deceleration detected (1.00 spike). Traffic stop.,Motion:sudden_brake | Audio:0.44
FLAG283,TRIP126,DRV157,2024-02-06 12:42:00,0,hard_acceleration,medium,0.7735744531998493,0.5814023590913314,0.6354620750180237,Rapid acceleration detected.,Motion:hard_acceleration | Audio:0.58
FLAG284,TRIP126,DRV157,2024-02-06 12:47:15,315,loud_environment,medium,0.2867703396887389,0.9969985897241648,0.5710863538139829,Sustained elevated cabin audio (1.00).,Motion:loud_environment | Audio:1.0
FLAG285,TRIP127,DRV108,2024-02-06 13:49:00,0,loud_environment,medium,0.0196208007535164,0.9742044720771058,0.4012276953102895,Sustained elevated cabin audio (0.97).,Motion:loud_environment | Audio:0.97
FLAG286,TRIP127,DRV108,2024-02-06 13:58:00,540,hard_acceleration,medium,0.9743284760720876,0.2710548225259451,0.5505940238094701,Rapid acceleration detected.,Motion:hard_acceleration | Audio:0.27
FLAG287,TRIP127,DRV108,2024-02-06 14:16:00,1620,sudden_brake,high,1.0,0.2687911757197898,0.5555747484675333,Sudden deceleration detected (1.00 spike). Traffic stop.,Motion:sudden_brake | Audio:0.27
FLAG288,TRIP128,DRV141,2024-02-06 14:56:00,0,hard_acceleration,medium,0.8605270040473264,0.3365576335182119,0.537287880054784,Rapid acceleration detected.,Motion:hard_acceleration | Audio:0.34
FLAG289,TRIP129,DRV052,2024-02-06 15:03:00,0,hard_acceleration,high,1.0,0.3236732919088764,0.595841338923038,Rapid acceleration detected.,Motion:hard_acceleration | Audio:0.32
FLAG290,TRIP129,DRV052,2024-02-06 15:10:30,450,sudden_brake,high,1.0,0.6084448741822165,0.7631477051883947,Sudden deceleration detected (1.00 spike). Traffic stop.,Motion:sudden_brake | Audio:0.61
FLAG291,TRIP129,DRV052,2024-02-06 15:10:30,450,sustained_stress,medium,1.0,0.6084448741822165,0.7631477051883947,Continued elevated audio with moderate motion disturbance.,Motion:sustained_stress | Audio:0.61
FLAG292,TRIP130,DRV094,2024-02-06 16:10:00,0,sudden_brake,medium,1.0,0.8884671167068227,0.9326688154758124,Sudden deceleration detected (1.00 spike). Traffic stop.,Motion:sudden_brake | Audio:0.89
FLAG293,TRIP130,DRV094,2024-02-06 16:10:00,0,sustained_stress,high,1.0,0.8884671167068227,0.9326688154758124,Continued elevated audio with moderate motion disturbance.,Motion:sustained_stress | Audio:0.89
FLAG294,TRIP131,DRV197,2024-02-06 17:34:15,1035,hard_acceleration,medium,0.7989736685821657,0.9114341793933324,0.8286194892320662,Rapid acceleration detected.,Motion:hard_acceleration | Audio:0.91
FLAG295,TRIP131,DRV197,2024-02-06 17:34:15,1035,sustained_stress,medium,0.7989736685821657,0.9114341793933324,0.8286194892320662,Continued elevated audio with moderate motion disturbance.,Motion:sustained_stress | Audio:0.91
FLAG296,TRIP132,DRV170,2024-02-06 06:39:45,945,hard_acceleration,medium,0.8642143471174898,0.983840362873914,0.909309891234227,Rapid acceleration detected.,Motion:hard_acceleration | Audio:0.98
FLAG297,TRIP132,DRV170,2024-02-06 06:39:45,945,loud_environment,medium,0.8642143471174898,0.983840362873914,0.909309891234227,Sustained elevated cabin audio (0.98).,Motion:loud_environment | Audio:0.98
FLAG298,TRIP132,DRV170,2024-02-06 06:39:45,945,sustained_stress,high,0.8642143471174898,0.983840362873914,0.909309891234227,Continued elevated audio with moderate motion disturbance.,Motion:sustained_stress | Audio:0.98
FLAG299,TRIP133,DRV179,2024-02-06 07:36:45,345,hard_acceleration,high,1.0,0.9991655308709282,0.9987847095932678,Rapid acceleration detected.,Motion:hard_acceleration | Audio:1.0
FLAG300,TRIP133,DRV179,2024-02-06 07:36:45,345,loud_environment,high,1.0,0.9991655308709282,0.9987847095932678,Sustained elevated cabin audio (1.00).,Motion:loud_environment | Audio:1.0
FLAG301,TRIP133,DRV179,2024-02-06 07:36:45,345,sustained_stress,high,1.0,0.9991655308709282,0.9987847095932678,Continued elevated audio with moderate motion disturbance.,Motion:sustained_stress | Audio:1.0
FLAG302,TRIP134,DRV031,2024-02-06 08:56:30,1110,hard_acceleration,high,1.0,0.3371392473953428,0.6023821780562201,Rapid acceleration detected.,Motion:hard_acceleration | Audio:0.34
FLAG303,TRIP134,DRV031,2024-02-06 09:05:45,1665,hard_acceleration,high,1.0,0.7891566279687221,0.8783964433539523,Rapid acceleration detected.,Motion:hard_acceleration | Audio:0.79
FLAG304,TRIP134,DRV031,2024-02-06 09:05:45,1665,sustained_stress,high,1.0,0.7891566279687221,0.8783964433539523,Continued elevated audio with moderate motion disturbance.,Motion:sustained_stress | Audio:0.79
FLAG305,TRIP135,DRV143,2024-02-06 09:52:30,450,loud_environment,medium,0.3648327062776884,0.9080931608530712,0.5748886397598812,Sustained elevated cabin audio (0.91).,Motion:loud_environment | Audio:0.91
FLAG306,TRIP135,DRV143,2024-02-06 10:07:30,1350,hard_acceleration,medium,1.0,0.3711037598449488,0.623206338726378,Rapid acceleration detected.,Motion:hard_acceleration | Audio:0.37
FLAG307,TRIP136,DRV039,2024-02-06 11:07:45,945,sudden_brake,high,1.0,0.7824191475191475,0.8636561031565391,Sudden deceleration detected (1.00 spike). Traffic stop.,Motion:sudden_brake | Audio:0.78
FLAG308,TRIP136,DRV039,2024-02-06 11:07:45,945,sustained_stress,high,1.0,0.7824191475191475,0.8636561031565391,Continued elevated audio with moderate motion disturbance.,Motion:sustained_stress | Audio:0.78
FLAG309,TRIP138,DRV127,2024-02-06 12:14:45,525,loud_environment,medium,0.3792855799864835,0.976816087436292,0.616008107734728,Sustained elevated cabin audio (0.98).,Motion:loud_environment | Audio:0.98
FLAG310,TRIP138,DRV127,2024-02-06 12:23:30,1050,loud_environment,medium,0.2623982893567182,0.997527943461767,0.5546595484569875,Sustained elevated cabin audio (1.00).,Motion:loud_environment | Audio:1.0
FLAG311,TRIP138,DRV127,2024-02-06 12:32:15,1575,hard_acceleration,high,1.0,0.551126307026307,0.7319544547873202,Rapid acceleration detected.,Motion:hard_acceleration | Audio:0.55
FLAG312,TRIP138,DRV127,2024-02-06 12:32:15,1575,sustained_stress,medium,1.0,0.551126307026307,0.7319544547873202,Continued elevated audio with moderate motion disturbance.,Motion:sustained_stress | Audio:0.55
FLAG313,TRIP139,DRV043,2024-02-06 13:28:30,930,hard_acceleration,high,1.0,0.272303843224445,0.5638695707414764,Rapid acceleration detected.,Motion:hard_acceleration | Audio:0.27
FLAG314,TRIP141,DRV060,2024-02-06 15:33:15,375,sustained_stress,medium,0.5834714863803232,0.9605777526906336,0.7285056804800575,Continued elevated audio with moderate motion disturbance.,Motion:sustained_stress | Audio:0.96
FLAG315,TRIP141,DRV060,2024-02-06 15:45:45,1125,hard_acceleration,medium,1.0,0.9211396001568928,0.9524448710300104,Rapid acceleration detected.,Motion:hard_acceleration | Audio:0.92
FLAG316,TRIP141,DRV060,2024-02-06 15:45:45,1125,sustained_stress,high,1.0,0.9211396001568928,0.9524448710300104,Continued elevated audio with moderate motion disturbance.,Motion:sustained_stress | Audio:0.92
FLAG317,TRIP142,DRV053,2024-02-06 16:41:00,420,sudden_brake,high,1.0,0.3936057335997268,0.6354417062310134,Sudden deceleration detected (1.00 spike). Traffic stop.,Motion:sudden_brake | Audio:0.39
FLAG318,TRIP142,DRV053,2024-02-06 16:55:00,1260,sudden_brake,medium,1.0,0.6181410470729651,0.7710888396799258,Sudden deceleration detected (1.00 spike). Traffic stop.,Motion:sudden_brake | Audio:0.62
FLAG319,TRIP142,DRV053,2024-02-06 16:55:00,1260,sustained_stress,medium,1.0,0.6181410470729651,0.7710888396799258,Continued elevated audio with moderate motion disturbance.,Motion:sustained_stress | Audio:0.62
FLAG320,TRIP144,DRV042,2024-02-06 06:55:30,450,loud_environment,high,0.3798478574867837,0.914256507775524,0.5791417192185151,Sustained elevated cabin audio (0.91).,Motion:loud_environment | Audio:0.91
FLAG321,TRIP145,DRV074,2024-02-06 08:03:15,495,loud_environment,high,0.2304229340479323,0.9960894988150736,0.5370141373063315,Sustained elevated cabin audio (1.00).,Motion:loud_environment | Audio:1.0
FLAG322,TRIP145,DRV074,2024-02-06 08:19:45,1485,sustained_stress,medium,0.7455295863161692,0.978046085858586,0.8350590064619473,Continued elevated audio with moderate motion disturbance.,Motion:sustained_stress | Audio:0.98
FLAG323,TRIP147,DRV138,2024-02-06 09:09:00,0,sudden_brake,medium,0.6690208841593429,0.2939539494046321,0.424503451573575,Sudden deceleration detected (0.67 spike). Traffic stop.,Motion:sudden_brake | Audio:0.29
FLAG324,TRIP147,DRV138,2024-02-06 09:19:30,630,sudden_brake,medium,0.8928277441388318,0.619445383548419,0.7209921158751494,Sudden deceleration detected (0.89 spike). Traffic stop.,Motion:sudden_brake | Audio:0.62
FLAG325,TRIP147,DRV138,2024-02-06 09:19:30,630,sustained_stress,medium,0.8928277441388318,0.619445383548419,0.7209921158751494,Continued elevated audio with moderate motion disturbance.,Motion:sustained_stress | Audio:0.62
FLAG326,TRIP147,DRV138,2024-02-06 09:24:45,945,sudden_brake,high,1.0,0.5310047185982452,0.7194337121973733,Sudden deceleration detected (1.00 spike). Traffic stop.,Motion:sudden_brake | Audio:0.53
FLAG327,TRIP147,DRV138,2024-02-06 09:24:45,945,sustained_stress,medium,1.0,0.5310047185982452,0.7194337121973733,Continued elevated audio with moderate motion disturbance.,Motion:sustained_stress | Audio:0.53
FLAG328,TRIP148,DRV024,2024-02-06 10:16:00,0,loud_environment,high,1.0,0.9960894988150736,0.9973750276185456,Sustained elevated cabin audio (1.00).,Motion:loud_environment | Audio:1.0
FLAG329,TRIP148,DRV024,2024-02-06 10:16:00,0,passenger_conflict,high,1.0,0.9960894988150736,0.9973750276185456,Combined signal: harsh braking + high cabin audio. Potential argument.,Motion:passenger_conflict | Audio:1.0
FLAG330,TRIP148,DRV024,2024-02-06 10:16:00,0,sudden_brake,medium,1.0,0.9960894988150736,0.9973750276185456,Sudden deceleration detected (1.00 spike). Traffic stop.,Motion:sudden_brake | Audio:1.0
FLAG331,TRIP148,DRV024,2024-02-06 10:16:00,0,sustained_stress,high,1.0,0.9960894988150736,0.9973750276185456,Continued elevated audio with moderate motion disturbance.,Motion:sustained_stress | Audio:1.0
FLAG332,TRIP148,DRV024,2024-02-06 10:21:45,345,hard_acceleration,medium,1.0,0.2748109130109434,0.5654310784582209,Rapid acceleration detected.,Motion:hard_acceleration | Audio:0.27
FLAG333,TRIP148,DRV024,2024-02-06 10:27:30,690,hard_acceleration,high,1.0,0.2547700235952935,0.5526080022709776,Rapid acceleration detected.,Motion:hard_acceleration | Audio:0.25
FLAG334,TRIP148,DRV024,2024-02-06 10:33:15,1035,loud_environment,medium,0.2855383650465011,0.9985486962072474,0.5707637569296565,Sustained elevated cabin audio (1.00).,Motion:loud_environment | Audio:1.0
FLAG335,TRIP149,DRV134,2024-02-06 11:23:00,0,hard_acceleration,medium,1.0,0.516020652131409,0.7074597780354003,Rapid acceleration detected.,Motion:hard_acceleration | Audio:0.52
FLAG336,TRIP149,DRV134,2024-02-06 11:23:00,0,sustained_stress,medium,1.0,0.516020652131409,0.7074597780354003,Continued elevated audio with moderate motion disturbance.,Motion:sustained_stress | Audio:0.52
FLAG337,TRIP149,DRV134,2024-02-06 11:31:30,510,hard_acceleration,medium,0.7879445381884286,0.4787985577532492,0.5838636117113288,Rapid acceleration detected.,Motion:hard_acceleration | Audio:0.48
FLAG338,TRIP149,DRV134,2024-02-06 11:40:00,1020,hard_acceleration,high,1.0,0.971315158763041,0.9825869931645576,Rapid acceleration detected.,Motion:hard_acceleration | Audio:0.97
FLAG339,TRIP149,DRV134,2024-02-06 11:40:00,1020,loud_environment,medium,1.0,0.971315158763041,0.9825869931645576,Sustained elevated cabin audio (0.97).,Motion:loud_environment | Audio:0.97
FLAG340,TRIP149,DRV134,2024-02-06 11:40:00,1020,sustained_stress,high,1.0,0.971315158763041,0.9825869931645576,Continued elevated audio with moderate motion disturbance.,Motion:sustained_stress | Audio:0.97
FLAG341,TRIP150,DRV179,2024-02-06 12:30:00,0,loud_environment,medium,0.1255890537448761,0.9799557212395448,0.4681358901534844,Sustained elevated cabin audio (0.98).,Motion:loud_environment | Audio:0.98
FLAG342,TRIP150,DRV179,2024-02-06 12:46:00,960,sudden_brake,high,1.0,0.2647975773067624,0.5577739463285513,Sudden deceleration detected (1.00 spike). Traffic stop.,Motion:sudden_brake | Audio:0.26
FLAG343,TRIP151,DRV001,2024-02-06 13:56:00,1140,sudden_brake,medium,0.6597346103618152,0.3096860246412272,0.431834169865294,Sudden deceleration detected (0.66 spike). Traffic stop.,Motion:sudden_brake | Audio:0.31
FLAG344,TRIP151,DRV001,2024-02-06 14:05:30,1710,sudden_brake,medium,0.9969068940531516,0.3248080870627902,0.5942666293917797,Sudden deceleration detected (1.00 spike). Traffic stop.,Motion:sudden_brake | Audio:0.32
FLAG345,TRIP153,DRV001,2024-02-06 15:51:00,0,hard_acceleration,medium,1.0,0.6075352556996072,0.7627021106569106,Rapid acceleration detected.,Motion:hard_acceleration | Audio:0.61
FLAG346,TRIP153,DRV001,2024-02-06 15:51:00,0,sustained_stress,medium,1.0,0.6075352556996072,0.7627021106569106,Continued elevated audio with moderate motion disturbance.,Motion:sustained_stress | Audio:0.61
FLAG347,TRIP153,DRV001,2024-02-06 15:57:00,360,hard_acceleration,medium,1.0,0.6202771493212669,0.7723935608829229,Rapid acceleration detected.,Motion:hard_acceleration | Audio:0.62
FLAG348,TRIP153,DRV001,2024-02-06 15:57:00,360,sustained_stress,medium,1.0,0.6202771493212669,0.7723935608829229,Continued elevated audio with moderate motion disturbance.,Motion:sustained_stress | Audio:0.62
FLAG349,TRIP154,DRV169,2024-02-06 16:58:00,0,sudden_brake,medium,1.0,0.3344836900744184,0.6005351810560177,Sudden deceleration detected (1.00 spike). Traffic stop.,Motion:sudden_brake | Audio:0.33
FLAG350,TRIP155,DRV127,2024-02-06 17:18:00,780,loud_environment,medium,0.3160029948498197,0.9658612767951004,0.5672994938077812,Sustained elevated cabin audio (0.97).,Motion:loud_environment | Audio:0.97
FLAG351,TRIP156,DRV048,2024-02-06 06:27:00,900,hard_acceleration,medium,0.8932505127015661,0.7378685128112704,0.7846856600213835,Rapid acceleration detected.,Motion:hard_acceleration | Audio:0.74
FLAG352,TRIP156,DRV048,2024-02-06 06:27:00,900,sustained_stress,medium,0.8932505127015661,0.7378685128112704,0.7846856600213835,Continued elevated audio with moderate motion disturbance.,Motion:sustained_stress | Audio:0.74
FLAG353,TRIP157,DRV156,2024-02-06 07:25:15,375,hard_acceleration,high,1.0,0.3440093355150623,0.6057302659267015,Rapid acceleration detected.,Motion:hard_acceleration | Audio:0.34
FLAG354,TRIP157,DRV156,2024-02-06 07:37:45,1125,hard_acceleration,medium,0.8478249898135585,0.3001558383508306,0.5102225013246146,Rapid acceleration detected.,Motion:hard_acceleration | Audio:0.3
FLAG355,TRIP159,DRV025,2024-02-06 09:33:00,0,sudden_brake,medium,1.0,0.2984184184710704,0.5791434245350012,Sudden deceleration detected (1.00 spike). Traffic stop.,Motion:sudden_brake | Audio:0.3
FLAG356,TRIP159,DRV025,2024-02-06 09:38:15,315,loud_environment,high,0.0191351265546984,0.9587975723311232,0.3960959160100822,Sustained elevated cabin audio (0.96).,Motion:loud_environment | Audio:0.96
FLAG357,TRIP160,DRV068,2024-02-06 10:55:45,945,sudden_brake,medium,1.0,0.369451533938918,0.6227280071363389,Sudden deceleration detected (1.00 spike). Traffic stop.,Motion:sudden_brake | Audio:0.37
FLAG358,TRIP161,DRV130,2024-02-06 11:52:15,315,hard_acceleration,medium,0.8967628182391966,0.3310949033923663,0.5505745615599725,Rapid acceleration detected.,Motion:hard_acceleration | Audio:0.33
FLAG359,TRIP161,DRV130,2024-02-06 11:57:30,630,sudden_brake,medium,0.7919107018216346,0.8658575065911305,0.79731830936622,Sudden deceleration detected (0.79 spike). Traffic stop.,Motion:sudden_brake | Audio:0.87
FLAG360,TRIP161,DRV130,2024-02-06 11:57:30,630,sustained_stress,medium,0.7919107018216346,0.8658575065911305,0.79731830936622,Continued elevated audio with moderate motion disturbance.,Motion:sustained_stress | Audio:0.87
FLAG361,TRIP162,DRV193,2024-02-06 12:54:00,0,sudden_brake,high,1.0,0.2811931462485976,0.5692298972627289,Sudden deceleration detected (1.00 spike). Traffic stop.,Motion:sudden_brake | Audio:0.28
FLAG362,TRIP162,DRV193,2024-02-06 13:00:45,405,sustained_stress,medium,0.5733005241460307,0.8721971124663903,0.6759427622509218,Continued elevated audio with moderate motion disturbance.,Motion:sustained_stress | Audio:0.87
FLAG363,TRIP162,DRV193,2024-02-06 13:07:30,810,sudden_brake,medium,0.8665524847471057,0.3306425830448328,0.5373976766421478,Sudden deceleration detected (0.87 spike). Traffic stop.,Motion:sudden_brake | Audio:0.33
FLAG364,TRIP162,DRV193,2024-02-06 13:14:15,1215,hard_acceleration,medium,1.0,0.2800209516108312,0.5670553566334637,Rapid acceleration detected.,Motion:hard_acceleration | Audio:0.28
FLAG365,TRIP163,DRV104,2024-02-06 13:01:00,0,sudden_brake,medium,1.0,0.5952941176470589,0.7570335801542334,Sudden deceleration detected (1.00 spike). Traffic stop.,Motion:sudden_brake | Audio:0.6
FLAG366,TRIP163,DRV104,2024-02-06 13:01:00,0,sustained_stress,medium,1.0,0.5952941176470589,0.7570335801542334,Continued elevated audio with moderate motion disturbance.,Motion:sustained_stress | Audio:0.6
FLAG367,TRIP163,DRV104,2024-02-06 13:10:30,570,hard_acceleration,high,1.0,0.7968101430608137,0.8784041260029893,Rapid acceleration detected.,Motion:hard_acceleration | Audio:0.8
FLAG368,TRIP163,DRV104,2024-02-06 13:10:30,570,sustained_stress,high,1.0,0.7968101430608137,0.8784041260029893,Continued elevated audio with moderate motion disturbance.,Motion:sustained_stress | Audio:0.8
FLAG369,TRIP163,DRV104,2024-02-06 13:20:00,1140,hard_acceleration,medium,0.7762306869494068,0.3183083528662062,0.4866338627282312,Rapid acceleration detected.,Motion:hard_acceleration | Audio:0.32
FLAG370,TRIP163,DRV104,2024-02-06 13:29:30,1710,loud_environment,high,0.1926782366087219,0.9991655308709282,0.5150108626655986,Sustained elevated cabin audio (1.00).,Motion:loud_environment | Audio:1.0
FLAG371,TRIP164,DRV017,2024-02-06 14:15:45,465,loud_environment,medium,0.2558937094164172,0.9607660988360396,0.5364853992887725,Sustained elevated cabin audio (0.96).,Motion:loud_environment | Audio:0.96
FLAG372,TRIP164,DRV017,2024-02-06 14:23:30,930,sudden_brake,high,1.0,0.4237699482084049,0.6511690167027977,Sudden deceleration detected (1.00 spike). Traffic stop.,Motion:sudden_brake | Audio:0.42
FLAG373,TRIP164,DRV017,2024-02-06 14:31:15,1395,hard_acceleration,high,1.0,0.4088704990734411,0.644725236864561,Rapid acceleration detected.,Motion:hard_acceleration | Audio:0.41
FLAG374,TRIP165,DRV203,2024-02-06 15:22:00,420,hard_acceleration,medium,1.0,0.2711713424702458,0.5638353268113979,Rapid acceleration detected.,Motion:hard_acceleration | Audio:0.27
FLAG375,TRIP166,DRV193,2024-02-06 16:22:00,0,loud_environment,medium,0.1721115777519359,0.987527943461767,0.4974851535361805,Sustained elevated cabin audio (0.99).,Motion:loud_environment | Audio:0.99
FLAG376,TRIP166,DRV193,2024-02-06 16:29:45,465,sudden_brake,medium,1.0,0.3671968494732665,0.621877853838818,Sudden deceleration detected (1.00 spike). Traffic stop.,Motion:sudden_brake | Audio:0.37
FLAG377,TRIP166,DRV193,2024-02-06 16:45:15,1395,hard_acceleration,medium,0.8832603010385712,0.3699883000967177,0.5636926775502785,Rapid acceleration detected.,Motion:hard_acceleration | Audio:0.37
FLAG378,TRIP167,DRV118,2024-02-06 17:44:30,930,loud_environment,high,0.3647104206950731,0.9431287145013482,0.5919273393051184,Sustained elevated cabin audio (0.94).,Motion:loud_environment | Audio:0.94
FLAG379,TRIP168,DRV107,2024-02-06 06:53:00,1020,sustained_stress,medium,0.629195807388918,0.8979095402963049,0.7245898906027494,Continued elevated audio with moderate motion disturbance.,Motion:sustained_stress | Audio:0.9
FLAG380,TRIP168,DRV107,2024-02-06 07:01:30,1530,loud_environment,medium,0.1715781027184088,0.9991655308709282,0.5027773453963245,Sustained elevated cabin audio (1.00).,Motion:loud_environment | Audio:1.0
FLAG381,TRIP169,DRV047,2024-02-06 07:52:00,540,hard_acceleration,high,1.0,0.3537769486600705,0.6098627300903339,Rapid acceleration detected.,Motion:hard_acceleration | Audio:0.35
FLAG382,TRIP169,DRV047,2024-02-06 07:56:30,810,loud_environment,medium,0.4541339417426804,0.9860894988150736,0.6651893426681165,Sustained elevated cabin audio (0.99).,Motion:loud_environment | Audio:0.99
FLAG383,TRIP172,DRV007,2024-02-06 10:04:00,0,loud_environment,high,1.0,0.7493436041083099,0.8489382531640477,Sustained elevated cabin audio (0.75).,Motion:loud_environment | Audio:0.75
FLAG384,TRIP172,DRV007,2024-02-06 10:04:00,0,passenger_conflict,high,1.0,0.7493436041083099,0.8489382531640477,Combined signal: harsh braking + high cabin audio. Potential argument.,Motion:passenger_conflict | Audio:0.75
FLAG385,TRIP172,DRV007,2024-02-06 10:04:00,0,sudden_brake,medium,1.0,0.7493436041083099,0.8489382531640477,Sudden deceleration detected (1.00 spike). Traffic stop.,Motion:sudden_brake | Audio:0.75
FLAG386,TRIP172,DRV007,2024-02-06 10:04:00,0,sustained_stress,high,1.0,0.7493436041083099,0.8489382531640477,Continued elevated audio with moderate motion disturbance.,Motion:sustained_stress | Audio:0.75
FLAG387,TRIP172,DRV007,2024-02-06 10:12:30,510,sudden_brake,medium,1.0,0.3184405288985708,0.5902684235814485,Sudden deceleration detected (1.00 spike). Traffic stop.,Motion:sudden_brake | Audio:0.32
FLAG388,TRIP172,DRV007,2024-02-06 10:29:30,1530,hard_acceleration,high,1.0,0.2831792462577753,0.570184498339628,Rapid acceleration detected.,Motion:hard_acceleration | Audio:0.28
FLAG389,TRIP173,DRV096,2024-02-06 11:11:00,0,sudden_brake,high,1.0,0.295607504931296,0.5774373344906252,Sudden deceleration detected (1.00 spike). Traffic stop.,Motion:sudden_brake | Audio:0.3
FLAG390,TRIP174,DRV085,2024-02-06 12:18:00,0,sudden_brake,high,1.0,0.3919198799721873,0.634831050686733,Sudden deceleration detected (1.00 spike). Traffic stop.,Motion:sudden_brake | Audio:0.39
FLAG391,TRIP175,DRV046,2024-02-06 13:25:00,0,hard_acceleration,medium,0.8657588480937105,0.4861331236095505,0.615926848310679,Rapid acceleration detected.,Motion:hard_acceleration | Audio:0.49
FLAG392,TRIP175,DRV046,2024-02-06 13:43:00,1080,hard_acceleration,medium,1.0,0.3849893538836682,0.6332410322663118,Rapid acceleration detected.,Motion:hard_acceleration | Audio:0.38
FLAG393,TRIP176,DRV102,2024-02-06 14:39:30,450,hard_acceleration,medium,1.0,0.4376995028298542,0.6654315507910472,Rapid acceleration detected.,Motion:hard_acceleration | Audio:0.44
FLAG394,TRIP176,DRV102,2024-02-06 14:54:30,1350,loud_environment,medium,0.1111236505512002,0.992527943461767,0.4473604137272265,Sustained elevated cabin audio (0.99).,Motion:loud_environment | Audio:0.99
FLAG395,TRIP177,DRV046,2024-02-06 15:46:30,450,hard_acceleration,medium,1.0,0.297975179452298,0.5789693125786705,Rapid acceleration detected.,Motion:hard_acceleration | Audio:0.3
FLAG396,TRIP177,DRV046,2024-02-06 15:54:00,900,sudden_brake,medium,0.7669393135831156,0.2753508990211994,0.4606951941877249,Sudden deceleration detected (0.77 spike). Traffic stop.,Motion:sudden_brake | Audio:0.28
FLAG397,TRIP178,DRV046,2024-02-06 16:52:00,360,sudden_brake,medium,0.8357783183741018,0.3081604964725755,0.5090906491499725,Sudden deceleration detected (0.84 spike). Traffic stop.,Motion:sudden_brake | Audio:0.31
FLAG398,TRIP180,DRV175,2024-02-06 06:06:30,390,hard_acceleration,medium,1.0,0.3734873796018115,0.6234468437739462,Rapid acceleration detected.,Motion:hard_acceleration | Audio:0.37
FLAG399,TRIP180,DRV175,2024-02-06 06:13:00,780,sudden_brake,medium,1.0,0.889482310663193,0.9334738087280546,Sudden deceleration detected (1.00 spike). Traffic stop.,Motion:sudden_brake | Audio:0.89
FLAG400,TRIP180,DRV175,2024-02-06 06:13:00,780,sustained_stress,high,1.0,0.889482310663193,0.9334738087280546,Continued elevated audio with moderate motion disturbance.,Motion:sustained_stress | Audio:0.89
FLAG401,TRIP180,DRV175,2024-02-06 06:19:30,1170,sudden_brake,medium,1.0,0.3229034518151649,0.5956472140010738,Sudden deceleration detected (1.00 spike). Traffic stop.,Motion:sudden_brake | Audio:0.32
FLAG402,TRIP181,DRV133,2024-02-06 07:21:15,855,sudden_brake,high,1.0,0.253565542660418,0.5526779161156574,Sudden deceleration detected (1.00 spike). Traffic stop.,Motion:sudden_brake | Audio:0.25
FLAG403,TRIP182,DRV064,2024-02-06 08:23:30,570,sudden_brake,high,1.0,0.3644729943272958,0.6201249979562619,Sudden deceleration detected (1.00 spike). Traffic stop.,Motion:sudden_brake | Audio:0.36
FLAG404,TRIP184,DRV132,2024-02-06 10:28:00,0,loud_environment,medium,0.3205471088940471,0.9950299662423832,0.5895216593459094,Sustained elevated cabin audio (1.00).,Motion:loud_environment | Audio:1.0
FLAG405,TRIP184,DRV132,2024-02-06 10:37:30,570,sudden_brake,medium,0.8216242547300897,0.2750286312141369,0.483330124462008,Sudden deceleration detected (0.82 spike). Traffic stop.,Motion:sudden_brake | Audio:0.28
FLAG406,TRIP184,DRV132,2024-02-06 10:47:00,1140,sudden_brake,medium,0.773777435720954,0.9415608137382332,0.8315632616157145,Sudden deceleration detected (0.77 spike). Traffic stop.,Motion:sudden_brake | Audio:0.94
FLAG407,TRIP184,DRV132,2024-02-06 10:47:00,1140,sustained_stress,medium,0.773777435720954,0.9415608137382332,0.8315632616157145,Continued elevated audio with moderate motion disturbance.,Motion:sustained_stress | Audio:0.94
FLAG408,TRIP186,DRV107,2024-02-06 12:42:00,0,loud_environment,medium,0.2513240387675794,0.992527943461767,0.5416115424367973,Sustained elevated cabin audio (0.99).,Motion:loud_environment | Audio:0.99
FLAG409,TRIP186,DRV107,2024-02-06 12:49:00,420,hard_acceleration,medium,1.0,0.313553295166768,0.5889819764175364,Rapid acceleration detected.,Motion:hard_acceleration | Audio:0.31
FLAG410,TRIP186,DRV107,2024-02-06 13:03:00,1260,hard_acceleration,high,1.0,0.7109476832540882,0.8268402605678535,Rapid acceleration detected.,Motion:hard_acceleration | Audio:0.71
FLAG411,TRIP186,DRV107,2024-02-06 13:03:00,1260,sustained_stress,medium,1.0,0.7109476832540882,0.8268402605678535,Continued elevated audio with moderate motion disturbance.,Motion:sustained_stress | Audio:0.71
FLAG412,TRIP187,DRV084,2024-02-06 13:54:15,315,hard_acceleration,high,1.0,0.2593662881779823,0.5562130236249869,Rapid acceleration detected.,Motion:hard_acceleration | Audio:0.26
FLAG413,TRIP189,DRV018,2024-02-06 15:03:00,0,hard_acceleration,medium,1.0,0.3936195459546892,0.6360828551462311,Rapid acceleration detected.,Motion:hard_acceleration | Audio:0.39
FLAG414,TRIP189,DRV018,2024-02-06 15:11:30,510,loud_environment,high,0.5910394889034564,0.9991655308709282,0.7534496530977645,Sustained elevated cabin audio (1.00).,Motion:loud_environment | Audio:1.0
FLAG415,TRIP189,DRV018,2024-02-06 15:11:30,510,sustained_stress,medium,0.5910394889034564,0.9991655308709282,0.7534496530977645,Continued elevated audio with moderate motion disturbance.,Motion:sustained_stress | Audio:1.0
FLAG416,TRIP189,DRV018,2024-02-06 15:20:00,1020,sudden_brake,medium,0.8178431321621633,0.8357993515289308,0.7968622985112184,Sudden deceleration detected (0.82 spike). Traffic stop.,Motion:sudden_brake | Audio:0.84
FLAG417,TRIP189,DRV018,2024-02-06 15:20:00,1020,sustained_stress,medium,0.8178431321621633,0.8357993515289308,0.7968622985112184,Continued elevated audio with moderate motion disturbance.,Motion:sustained_stress | Audio:0.84
FLAG418,TRIP189,DRV018,2024-02-06 15:28:30,1530,sudden_brake,medium,0.9825767150441788,0.3024855191000136,0.5745358494166756,Sudden deceleration detected (0.98 spike). Traffic stop.,Motion:sudden_brake | Audio:0.3
FLAG419,TRIP190,DRV165,2024-02-06 16:10:00,0,loud_environment,medium,0.5656314254418602,0.9961099753153726,0.7365970260211603,Sustained elevated cabin audio (1.00).,Motion:loud_environment | Audio:1.0
FLAG420,TRIP190,DRV165,2024-02-06 16:10:00,0,sustained_stress,medium,0.5656314254418602,0.9961099753153726,0.7365970260211603,Continued elevated audio with moderate motion disturbance.,Motion:sustained_stress | Audio:1.0
FLAG421,TRIP191,DRV118,2024-02-06 17:40:15,1395,hard_acceleration,high,1.0,0.8370989819094434,0.906989124213294,Rapid acceleration detected.,Motion:hard_acceleration | Audio:0.84
FLAG422,TRIP191,DRV118,2024-02-06 17:40:15,1395,sustained_stress,high,1.0,0.8370989819094434,0.906989124213294,Continued elevated audio with moderate motion disturbance.,Motion:sustained_stress | Audio:0.84
FLAG423,TRIP192,DRV191,2024-02-06 06:24:00,0,hard_acceleration,high,1.0,0.3012769744562434,0.5782894919742972,Rapid acceleration detected.,Motion:hard_acceleration | Audio:0.3
FLAG424,TRIP192,DRV191,2024-02-06 06:32:00,480,sudden_brake,medium,0.9462402483190174,0.3691808583508015,0.5892525198860901,Sudden deceleration detected (0.95 spike). Traffic stop.,Motion:sudden_brake | Audio:0.37
FLAG425,TRIP192,DRV191,2024-02-06 06:40:00,960,hard_acceleration,medium,0.8098513891086312,0.292699529528284,0.490791980144692,Rapid acceleration detected.,Motion:hard_acceleration | Audio:0.29
FLAG426,TRIP192,DRV191,2024-02-06 06:48:00,1440,hard_acceleration,medium,0.8872450660834669,0.4614940073343774,0.6222740259454592,Rapid acceleration detected.,Motion:hard_acceleration | Audio:0.46
FLAG427,TRIP193,DRV050,2024-02-06 07:37:00,360,sudden_brake,medium,1.0,0.3008972014327377,0.5795323480894274,Sudden deceleration detected (1.00 spike). Traffic stop.,Motion:sudden_brake | Audio:0.3
FLAG428,TRIP193,DRV050,2024-02-06 07:43:00,720,loud_environment,high,0.5449770868763265,0.9735486962072474,0.7141047643241853,Sustained elevated cabin audio (0.97).,Motion:loud_environment | Audio:0.97
FLAG429,TRIP193,DRV050,2024-02-06 07:43:00,720,sustained_stress,medium,0.5449770868763265,0.9735486962072474,0.7141047643241853,Continued elevated audio with moderate motion disturbance.,Motion:sustained_stress | Audio:0.97
FLAG430,TRIP194,DRV161,2024-02-06 08:43:15,315,sudden_brake,medium,0.8871167728367403,0.3024603072222551,0.5294423452877973,Sudden deceleration detected (0.89 spike). Traffic stop.,Motion:sudden_brake | Audio:0.3
FLAG431,TRIP195,DRV160,2024-02-06 09:58:30,810,sudden_brake,medium,1.0,0.9304981441793488,0.958035559488264,Sudden deceleration detected (1.00 spike). Traffic stop.,Motion:sudden_brake | Audio:0.93
FLAG432,TRIP195,DRV160,2024-02-06 09:58:30,810,sustained_stress,high,1.0,0.9304981441793488,0.958035559488264,Continued elevated audio with moderate motion disturbance.,Motion:sustained_stress | Audio:0.93
FLAG433,TRIP195,DRV160,2024-02-06 10:05:15,1215,sustained_stress,medium,0.6464311485935527,0.9746779434617668,0.7742403035087168,Continued elevated audio with moderate motion disturbance.,Motion:sustained_stress | Audio:0.97
FLAG434,TRIP196,DRV147,2024-02-06 11:12:15,1215,loud_environment,high,0.1120739371879867,0.9985486962072474,0.4670563571530325,Sustained elevated cabin audio (1.00).,Motion:loud_environment | Audio:1.0
FLAG435,TRIP197,DRV052,2024-02-06 12:08:00,540,hard_acceleration,medium,0.7607799396596656,0.2712867599302477,0.4548217351759981,Rapid acceleration detected.,Motion:hard_acceleration | Audio:0.27
FLAG436,TRIP197,DRV052,2024-02-06 12:17:00,1080,hard_acceleration,high,1.0,0.9790187816773328,0.9871154407511008,Rapid acceleration detected.,Motion:hard_acceleration | Audio:0.98
FLAG437,TRIP197,DRV052,2024-02-06 12:17:00,1080,loud_environment,medium,1.0,0.9790187816773328,0.9871154407511008,Sustained elevated cabin audio (0.98).,Motion:loud_environment | Audio:0.98
FLAG438,TRIP197,DRV052,2024-02-06 12:17:00,1080,sustained_stress,high,1.0,0.9790187816773328,0.9871154407511008,Continued elevated audio with moderate motion disturbance.,Motion:sustained_stress | Audio:0.98
FLAG439,TRIP197,DRV052,2024-02-06 12:26:00,1620,hard_acceleration,medium,0.8057188815001965,0.893389974123598,0.8254305355571804,Rapid acceleration detected.,Motion:hard_acceleration | Audio:0.89
FLAG440,TRIP197,DRV052,2024-02-06 12:26:00,1620,sustained_stress,medium,0.8057188815001965,0.893389974123598,0.8254305355571804,Continued elevated audio with moderate motion disturbance.,Motion:sustained_stress | Audio:0.89
FLAG441,TRIP198,DRV192,2024-02-06 12:30:45,1485,sudden_brake,medium,1.0,0.3397988207836009,0.6035323608586951,Sudden deceleration detected (1.00 spike). Traffic stop.,Motion:sudden_brake | Audio:0.34
FLAG442,TRIP199,DRV035,2024-02-06 13:29:30,990,hard_acceleration,medium,0.8076371214632414,0.4750918253495028,0.5894600032647418,Rapid acceleration detected.,Motion:hard_acceleration | Audio:0.48
FLAG443,TRIP199,DRV035,2024-02-06 13:37:45,1485,loud_environment,medium,0.531740348571816,0.9987410038995552,0.72731181960565,Sustained elevated cabin audio (1.00).,Motion:loud_environment | Audio:1.0
FLAG444,TRIP199,DRV035,2024-02-06 13:37:45,1485,sustained_stress,medium,0.531740348571816,0.9987410038995552,0.72731181960565,Continued elevated audio with moderate motion disturbance.,Motion:sustained_stress | Audio:1.0
FLAG445,TRIP200,DRV136,2024-02-06 14:20:00,0,loud_environment,high,0.4669181125175904,0.9937410038995552,0.6773817598781686,Sustained elevated cabin audio (0.99).,Motion:loud_environment | Audio:0.99
FLAG446,TRIP200,DRV136,2024-02-06 14:20:00,0,sustained_stress,medium,0.4669181125175904,0.9937410038995552,0.6773817598781686,Continued elevated audio with moderate motion disturbance.,Motion:sustained_stress | Audio:0.99
FLAG447,TRIP201,DRV060,2024-02-06 15:36:30,570,hard_acceleration,medium,0.9074872946369048,0.6158431440867781,0.7215058566094126,Rapid acceleration detected.,Motion:hard_acceleration | Audio:0.62
FLAG448,TRIP201,DRV060,2024-02-06 15:36:30,570,sustained_stress,medium,0.9074872946369048,0.6158431440867781,0.7215058566094126,Continued elevated audio with moderate motion disturbance.,Motion:sustained_stress | Audio:0.62
FLAG449,TRIP203,DRV146,2024-02-06 18:07:15,1575,hard_acceleration,medium,1.0,0.5851241504055517,0.7448393501745841,Rapid acceleration detected.,Motion:hard_acceleration | Audio:0.59
FLAG450,TRIP203,DRV146,2024-02-06 18:07:15,1575,sustained_stress,medium,1.0,0.5851241504055517,0.7448393501745841,Continued elevated audio with moderate motion disturbance.,Motion:sustained_stress | Audio:0.59
FLAG451,TRIP204,DRV075,2024-02-06 06:48:00,0,hard_acceleration,medium,1.0,0.4035720214357752,0.642440133394689,Rapid acceleration detected.,Motion:hard_acceleration | Audio:0.4
FLAG452,TRIP204,DRV075,2024-02-06 06:59:30,690,sudden_brake,high,1.0,0.5786474228511193,0.7453986229071671,Sudden deceleration detected (1.00 spike). Traffic stop.,Motion:sudden_brake | Audio:0.58
FLAG453,TRIP204,DRV075,2024-02-06 06:59:30,690,sustained_stress,medium,1.0,0.5786474228511193,0.7453986229071671,Continued elevated audio with moderate motion disturbance.,Motion:sustained_stress | Audio:0.58
FLAG454,TRIP205,DRV033,2024-02-06 08:15:15,1215,sudden_brake,medium,0.8180178377673629,0.2783406453369733,0.4833712051432284,Sudden deceleration detected (0.82 spike). Traffic stop.,Motion:sudden_brake | Audio:0.28
FLAG455,TRIP206,DRV138,2024-02-06 08:02:00,0,sudden_brake,medium,1.0,0.2710579722320055,0.5638353268113979,Sudden deceleration detected (1.00 spike). Traffic stop.,Motion:sudden_brake | Audio:0.27
FLAG456,TRIP206,DRV138,2024-02-06 08:11:15,555,hard_acceleration,medium,1.0,0.7195729268785368,0.8308054113426983,Rapid acceleration detected.,Motion:hard_acceleration | Audio:0.72
FLAG457,TRIP206,DRV138,2024-02-06 08:11:15,555,loud_environment,medium,1.0,0.7195729268785368,0.8308054113426983,Sustained elevated cabin audio (0.72).,Motion:loud_environment | Audio:0.72
FLAG458,TRIP206,DRV138,2024-02-06 08:11:15,555,sustained_stress,medium,1.0,0.7195729268785368,0.8308054113426983,Continued elevated audio with moderate motion disturbance.,Motion:sustained_stress | Audio:0.72
FLAG459,TRIP207,DRV131,2024-02-06 09:09:00,0,loud_environment,high,0.5321806194368424,0.8356160038995548,0.6370173154233661,Sustained elevated cabin audio (0.84).,Motion:loud_environment | Audio:0.84
FLAG460,TRIP207,DRV131,2024-02-06 09:17:15,495,loud_environment,high,0.287574190554783,0.9991655308709282,0.5715071772903534,Sustained elevated cabin audio (1.00).,Motion:loud_environment | Audio:1.0
FLAG461,TRIP207,DRV131,2024-02-06 09:25:30,990,sudden_brake,medium,0.659927724751263,0.9519905303030304,0.7702339821748817,Sudden deceleration detected (0.66 spike). Traffic stop.,Motion:sudden_brake | Audio:0.95
FLAG462,TRIP207,DRV131,2024-02-06 09:25:30,990,sustained_stress,medium,0.659927724751263,0.9519905303030304,0.7702339821748817,Continued elevated audio with moderate motion disturbance.,Motion:sustained_stress | Audio:0.95
FLAG463,TRIP207,DRV131,2024-02-06 09:33:45,1485,hard_acceleration,medium,0.7742961610880356,0.997527943461767,0.8628910325565159,Rapid acceleration detected.,Motion:hard_acceleration | Audio:1.0
FLAG464,TRIP207,DRV131,2024-02-06 09:33:45,1485,loud_environment,medium,0.7742961610880356,0.997527943461767,0.8628910325565159,Sustained elevated cabin audio (1.00).,Motion:loud_environment | Audio:1.0
FLAG465,TRIP207,DRV131,2024-02-06 09:33:45,1485,sustained_stress,high,0.7742961610880356,0.997527943461767,0.8628910325565159,Continued elevated audio with moderate motion disturbance.,Motion:sustained_stress | Audio:1.0
FLAG466,TRIP208,DRV178,2024-02-06 10:16:00,0,sudden_brake,medium,0.7785625254229314,0.5500976996912518,0.6141893426118109,Sudden deceleration detected (0.78 spike). Traffic stop.,Motion:sudden_brake | Audio:0.55
FLAG467,TRIP209,DRV198,2024-02-06 11:23:00,0,sudden_brake,high,1.0,0.936611621072661,0.9614974321862996,Sudden deceleration detected (1.00 spike). Traffic stop.,Motion:sudden_brake | Audio:0.94
FLAG468,TRIP209,DRV198,2024-02-06 11:23:00,0,sustained_stress,high,1.0,0.936611621072661,0.9614974321862996,Continued elevated audio with moderate motion disturbance.,Motion:sustained_stress | Audio:0.94
FLAG469,TRIP209,DRV198,2024-02-06 11:41:00,1080,sudden_brake,high,1.0,0.2908020186874359,0.5749204976867076,Sudden deceleration detected (1.00 spike). Traffic stop.,Motion:sudden_brake | Audio:0.29
FLAG470,TRIP210,DRV172,2024-02-06 12:34:45,285,sustained_stress,medium,0.6763319692748987,0.7773333333333333,0.6857382466843324,Continued elevated audio with moderate motion disturbance.,Motion:sustained_stress | Audio:0.78
FLAG471,TRIP212,DRV016,2024-02-06 14:44:00,0,sudden_brake,high,1.0,0.3956146138808883,0.6363493897298713,Sudden deceleration detected (1.00 spike). Traffic stop.,Motion:sudden_brake | Audio:0.4
FLAG472,TRIP212,DRV016,2024-02-06 14:49:15,315,sudden_brake,high,1.0,0.4000271673227754,0.6411113386820971,Sudden deceleration detected (1.00 spike). Traffic stop.,Motion:sudden_brake | Audio:0.4
FLAG473,TRIP212,DRV016,2024-02-06 14:54:30,630,hard_acceleration,high,1.0,0.3421440251502715,0.6020232975962028,Rapid acceleration detected.,Motion:hard_acceleration | Audio:0.34
FLAG474,TRIP212,DRV016,2024-02-06 14:59:45,945,sudden_brake,high,1.0,0.4367509202725386,0.662899610326145,Sudden deceleration detected (1.00 spike). Traffic stop.,Motion:sudden_brake | Audio:0.44
FLAG475,TRIP213,DRV067,2024-02-06 15:51:00,0,loud_environment,high,0.0370466792022776,0.8364759633845144,0.3570108116199632,Sustained elevated cabin audio (0.84).,Motion:loud_environment | Audio:0.84
FLAG476,TRIP213,DRV067,2024-02-06 16:06:00,900,hard_acceleration,high,1.0,0.4625208765984973,0.6770065371233626,Rapid acceleration detected.,Motion:hard_acceleration | Audio:0.46
FLAG477,TRIP213,DRV067,2024-02-06 16:06:00,900,sustained_stress,medium,1.0,0.4625208765984973,0.6770065371233626,Continued elevated audio with moderate motion disturbance.,Motion:sustained_stress | Audio:0.46
FLAG478,TRIP214,DRV199,2024-02-06 16:58:00,0,sudden_brake,high,1.0,0.2704416971073359,0.5636676384945403,Sudden deceleration detected (1.00 spike). Traffic stop.,Motion:sudden_brake | Audio:0.27
FLAG479,TRIP215,DRV110,2024-02-06 17:16:00,660,sudden_brake,high,1.0,0.2574837219841772,0.5537369778795653,Sudden deceleration detected (1.00 spike). Traffic stop.,Motion:sudden_brake | Audio:0.26
FLAG480,TRIP215,DRV110,2024-02-06 17:21:30,990,sudden_brake,medium,0.6534870754746845,0.3731958655171787,0.4603144766334946,Sudden deceleration detected (0.65 spike). Traffic stop.,Motion:sudden_brake | Audio:0.37
FLAG481,TRIP216,DRV012,2024-02-06 06:16:45,285,loud_environment,medium,0.5576340417043211,0.997527943461767,0.7338720895851938,Sustained elevated cabin audio (1.00).,Motion:loud_environment | Audio:1.0
FLAG482,TRIP216,DRV012,2024-02-06 06:16:45,285,sustained_stress,medium,0.5576340417043211,0.997527943461767,0.7338720895851938,Continued elevated audio with moderate motion disturbance.,Motion:sustained_stress | Audio:1.0
FLAG483,TRIP217,DRV094,2024-02-06 07:19:00,0,sustained_stress,medium,0.6882987494157436,0.8849451138763185,0.7524666635433933,Continued elevated audio with moderate motion disturbance.,Motion:sustained_stress | Audio:0.88
FLAG484,TRIP217,DRV094,2024-02-06 07:27:30,510,hard_acceleration,medium,0.974237731539734,0.3773755627444455,0.6127865220831865,Rapid acceleration detected.,Motion:hard_acceleration | Audio:0.38
FLAG485,TRIP217,DRV094,2024-02-06 07:44:30,1530,hard_acceleration,medium,1.0,0.3456337205449044,0.6061117534173184,Rapid acceleration detected.,Motion:hard_acceleration | Audio:0.35
FLAG486,TRIP219,DRV133,2024-02-06 09:37:30,270,hard_acceleration,medium,1.0,0.3557392248698732,0.6107049411490347,Rapid acceleration detected.,Motion:hard_acceleration | Audio:0.36
FLAG487,TRIP219,DRV133,2024-02-06 09:42:00,540,sudden_brake,medium,0.6711318311563877,0.8979525168906878,0.7480433635374047,Sudden deceleration detected (0.67 spike). Traffic stop.,Motion:sudden_brake | Audio:0.9
FLAG488,TRIP219,DRV133,2024-02-06 09:42:00,540,sustained_stress,medium,0.6711318311563877,0.8979525168906878,0.7480433635374047,Continued elevated audio with moderate motion disturbance.,Motion:sustained_stress | Audio:0.9
FLAG489,TRIP220,DRV138,2024-02-06 10:48:45,525,hard_acceleration,high,1.0,0.3566733552221365,0.6163510529912739,Rapid acceleration detected.,Motion:hard_acceleration | Audio:0.36
FLAG490,TRIP220,DRV138,2024-02-06 10:57:30,1050,hard_acceleration,high,1.0,0.3845121489338668,0.6325453045381333,Rapid acceleration detected.,Motion:hard_acceleration | Audio:0.38
